id_riego,parcela_id,fecha_riego,cantidad_agua_litros,duracion_min,metodo_riego,costo_agua,costo_energia
1,9,2025-10-06,2484.0,248,goteo,11.18,3.91
2,4,2025-10-07,4296.0,430,goteo,19.33,6.77
3,8,2025-10-07,17929.0,489,gravedad,44.82,15.69
4,9,2025-10-07,2507.0,251,goteo,11.28,3.95
5,4,2025-10-08,4186.0,419,goteo,18.84,6.59
6,8,2025-10-08,18959.0,517,gravedad,47.4,16.59
7,9,2025-10-08,2744.0,274,goteo,12.35,4.32
8,10,2025-10-08,37823.0,1032,gravedad,94.56,33.1
9,2,2025-10-09,19368.0,1056,aspersion,73.6,25.76
10,4,2025-10-09,4111.0,411,goteo,18.5,6.47
11,5,2025-10-09,8780.0,878,goteo,39.51,13.83
12,9,2025-10-09,2339.0,234,goteo,10.53,3.69
13,2,2025-10-10,20454.0,1116,aspersion,77.72,27.2
14,3,2025-10-10,9577.0,958,goteo,43.1,15.08
15,4,2025-10-10,4337.0,434,goteo,19.52,6.83
16,5,2025-10-10,9481.0,948,goteo,42.67,14.93
17,6,2025-10-10,5255.0,394,microaspersion,21.02,7.36
18,8,2025-10-10,19040.0,519,gravedad,47.6,16.66
19,9,2025-10-10,2460.0,246,goteo,11.07,3.87
20,10,2025-10-10,37103.0,1012,gravedad,92.76,32.47
21,4,2025-10-11,4326.0,433,goteo,19.47,6.81
22,5,2025-10-11,9558.0,956,goteo,43.01,15.05
23,7,2025-10-11,11689.0,1169,goteo,52.6,18.41
24,8,2025-10-11,17998.0,491,gravedad,45.0,15.75
25,9,2025-10-11,2524.0,252,goteo,11.36,3.98
26,10,2025-10-11,32839.0,896,gravedad,82.1,28.73
27,2,2025-10-12,21824.0,1190,aspersion,82.93,29.03
28,3,2025-10-12,9587.0,959,goteo,43.14,15.1
29,4,2025-10-12,4227.0,423,goteo,19.02,6.66
30,5,2025-10-12,8808.0,881,goteo,39.63,13.87
31,6,2025-10-12,5456.0,409,microaspersion,21.82,7.64
32,7,2025-10-12,11547.0,1155,goteo,51.96,18.19
33,8,2025-10-12,17893.0,488,gravedad,44.73,15.66
34,9,2025-10-12,2398.0,240,goteo,10.79,3.78
35,1,2025-10-14,11420.0,1142,goteo,51.39,17.99
36,2,2025-10-14,21818.0,1190,aspersion,82.91,29.02
37,3,2025-10-14,9413.0,941,goteo,42.36,14.83
38,4,2025-10-14,4295.0,430,goteo,19.33,6.77
39,5,2025-10-14,8999.0,900,goteo,40.5,14.17
40,6,2025-10-14,6094.0,457,microaspersion,24.37,8.53
41,7,2025-10-14,11205.0,1120,goteo,50.42,17.65
42,8,2025-10-14,18117.0,494,gravedad,45.29,15.85
43,9,2025-10-14,2276.0,228,goteo,10.24,3.58
44,10,2025-10-14,32131.0,876,gravedad,80.33,28.12
45,1,2025-10-15,10721.0,1072,goteo,48.24,16.88
46,2,2025-10-15,22313.0,1217,aspersion,84.79,29.68
47,3,2025-10-15,10272.0,1027,goteo,46.22,16.18
48,4,2025-10-15,3669.0,367,goteo,16.51,5.78
49,5,2025-10-15,8460.0,846,goteo,38.07,13.32
50,6,2025-10-15,6148.0,461,microaspersion,24.59,8.61
51,7,2025-10-15,12024.0,1202,goteo,54.11,18.94
52,8,2025-10-15,18880.0,515,gravedad,47.2,16.52
53,9,2025-10-15,2479.0,248,goteo,11.15,3.9
54,10,2025-10-15,37076.0,1011,gravedad,92.69,32.44
55,1,2025-10-16,12092.0,1209,goteo,54.41,19.04
56,2,2025-10-16,19103.0,1042,aspersion,72.59,25.41
57,3,2025-10-16,9822.0,982,goteo,44.2,15.47
58,4,2025-10-16,4323.0,432,goteo,19.45,6.81
59,5,2025-10-16,8511.0,851,goteo,38.3,13.4
60,6,2025-10-16,6140.0,461,microaspersion,24.56,8.6
61,7,2025-10-16,10482.0,1048,goteo,47.17,16.51
62,8,2025-10-16,17499.0,477,gravedad,43.75,15.31
63,9,2025-10-16,2309.0,231,goteo,10.39,3.64
64,1,2025-10-18,12587.0,1259,goteo,56.64,19.82
65,2,2025-10-18,20217.0,1103,aspersion,76.82,26.89
66,3,2025-10-18,10277.0,1028,goteo,46.25,16.19
67,4,2025-10-18,4588.0,459,goteo,20.65,7.23
68,5,2025-10-18,8931.0,893,goteo,40.19,14.07
69,6,2025-10-18,5316.0,399,microaspersion,21.26,7.44
70,7,2025-10-18,11460.0,1146,goteo,51.57,18.05
71,8,2025-10-18,20149.0,550,gravedad,50.37,17.63
72,9,2025-10-18,2267.0,227,goteo,10.2,3.57
73,10,2025-10-18,33929.0,925,gravedad,84.82,29.69
74,1,2025-10-19,11744.0,1174,goteo,52.85,18.5
75,2,2025-10-19,20620.0,1125,aspersion,78.35,27.42
76,3,2025-10-19,9109.0,911,goteo,40.99,14.35
77,4,2025-10-19,3982.0,398,goteo,17.92,6.27
78,5,2025-10-19,9185.0,918,goteo,41.33,14.47
79,6,2025-10-19,5793.0,434,microaspersion,23.17,8.11
80,7,2025-10-19,12017.0,1202,goteo,54.07,18.92
81,8,2025-10-19,17527.0,478,gravedad,43.82,15.34
82,9,2025-10-19,2394.0,239,goteo,10.77,3.77
83,10,2025-10-19,36756.0,1002,gravedad,91.89,32.16
84,1,2025-10-20,11545.0,1154,goteo,51.95,18.18
85,2,2025-10-20,20223.0,1103,aspersion,76.85,26.9
86,3,2025-10-20,8786.0,879,goteo,39.54,13.84
87,4,2025-10-20,4063.0,406,goteo,18.29,6.4
88,5,2025-10-20,8133.0,813,goteo,36.6,12.81
89,6,2025-10-20,5290.0,397,microaspersion,21.16,7.41
90,7,2025-10-20,11957.0,1196,goteo,53.8,18.83
91,8,2025-10-20,18895.0,515,gravedad,47.24,16.53
92,9,2025-10-20,2349.0,235,goteo,10.57,3.7
93,1,2025-10-22,12014.0,1201,goteo,54.06,18.92
94,2,2025-10-22,20119.0,1097,aspersion,76.45,26.76
95,3,2025-10-22,9179.0,918,goteo,41.31,14.46
96,4,2025-10-22,4388.0,439,goteo,19.74,6.91
97,5,2025-10-22,8582.0,858,goteo,38.62,13.52
98,6,2025-10-22,5489.0,412,microaspersion,21.96,7.69
99,7,2025-10-22,12007.0,1201,goteo,54.03,18.91
100,8,2025-10-22,18333.0,500,gravedad,45.83,16.04
101,9,2025-10-22,2552.0,255,goteo,11.48,4.02
102,10,2025-10-22,35845.0,978,gravedad,89.61,31.36
103,1,2025-10-23,12134.0,1213,goteo,54.6,19.11
104,3,2025-10-23,10026.0,1003,goteo,45.12,15.79
105,4,2025-10-23,4244.0,424,goteo,19.1,6.69
106,5,2025-10-23,9033.0,903,goteo,40.65,14.23
107,7,2025-10-23,12126.0,1213,goteo,54.57,19.1
108,8,2025-10-23,17191.0,469,gravedad,42.98,15.04
109,9,2025-10-23,2436.0,244,goteo,10.96,3.84
110,10,2025-10-23,35735.0,975,gravedad,89.34,31.27
111,1,2025-10-24,11023.0,1102,goteo,49.6,17.36
112,2,2025-10-24,23224.0,1267,aspersion,88.25,30.89
113,3,2025-10-24,9719.0,972,goteo,43.73,15.31
114,4,2025-10-24,4223.0,422,goteo,19.0,6.65
115,5,2025-10-24,8198.0,820,goteo,36.89,12.91
116,6,2025-10-24,5235.0,393,microaspersion,20.94,7.33
117,7,2025-10-24,10721.0,1072,goteo,48.25,16.89
118,8,2025-10-24,19303.0,526,gravedad,48.26,16.89
119,9,2025-10-24,2505.0,251,goteo,11.27,3.94
120,10,2025-10-24,37231.0,1015,gravedad,93.08,32.58
121,1,2025-10-25,11320.0,1132,goteo,50.94,17.83
122,2,2025-10-25,21970.0,1198,aspersion,83.49,29.22
123,3,2025-10-25,9345.0,934,goteo,42.05,14.72
124,4,2025-10-25,3895.0,389,goteo,17.53,6.14
125,5,2025-10-25,8770.0,877,goteo,39.47,13.81
126,6,2025-10-25,5256.0,394,microaspersion,21.02,7.36
127,7,2025-10-25,12230.0,1223,goteo,55.04,19.26
128,8,2025-10-25,17907.0,488,gravedad,44.77,15.67
129,9,2025-10-25,2616.0,262,goteo,11.77,4.12
130,1,2025-10-26,11690.0,1169,goteo,52.6,18.41
131,4,2025-10-26,4064.0,406,goteo,18.29,6.4
132,5,2025-10-26,9559.0,956,goteo,43.01,15.05
133,7,2025-10-26,12529.0,1253,goteo,56.38,19.73
134,8,2025-10-26,18297.0,499,gravedad,45.74,16.01
135,9,2025-10-26,2342.0,234,goteo,10.54,3.69
136,10,2025-10-26,36706.0,1001,gravedad,91.76,32.12
137,1,2025-10-27,11142.0,1114,goteo,50.14,17.55
138,2,2025-10-27,20383.0,1112,aspersion,77.46,27.11
139,3,2025-10-27,9478.0,948,goteo,42.65,14.93
140,4,2025-10-27,4449.0,445,goteo,20.02,7.01
141,5,2025-10-27,9303.0,930,goteo,41.86,14.65
142,6,2025-10-27,5734.0,430,microaspersion,22.94,8.03
143,7,2025-10-27,11685.0,1168,goteo,52.58,18.4
144,8,2025-10-27,19379.0,529,gravedad,48.45,16.96
145,9,2025-10-27,2404.0,240,goteo,10.82,3.79
146,10,2025-10-27,32364.0,883,gravedad,80.91,28.32
147,4,2025-10-29,4321.0,432,goteo,19.45,6.81
148,5,2025-10-29,9602.0,960,goteo,43.21,15.12
149,9,2025-10-29,2568.0,257,goteo,11.56,4.05
150,4,2025-10-30,4158.0,416,goteo,18.71,6.55
151,5,2025-10-30,9441.0,944,goteo,42.48,14.87
152,8,2025-10-30,18178.0,496,gravedad,45.44,15.9
153,9,2025-10-30,2565.0,256,goteo,11.54,4.04
154,4,2025-10-31,4146.0,415,goteo,18.66,6.53
155,5,2025-10-31,8583.0,858,goteo,38.63,13.52
156,8,2025-10-31,18997.0,518,gravedad,47.49,16.62
157,9,2025-10-31,2571.0,257,goteo,11.57,4.05
158,1,2025-11-01,11772.0,1177,goteo,52.97,18.54
159,2,2025-11-01,21858.0,1192,aspersion,83.06,29.07
160,4,2025-11-01,4524.0,452,goteo,20.36,7.13
161,5,2025-11-01,9678.0,968,goteo,43.55,15.24
162,7,2025-11-01,10442.0,1044,goteo,46.99,16.45
163,8,2025-11-01,19133.0,522,gravedad,47.83,16.74
164,9,2025-11-01,2617.0,262,goteo,11.78,4.12
165,1,2025-11-02,11485.0,1149,goteo,51.68,18.09
166,3,2025-11-02,8883.0,888,goteo,39.97,13.99
167,4,2025-11-02,4043.0,404,goteo,18.19,6.37
168,5,2025-11-02,9419.0,942,goteo,42.39,14.84
169,7,2025-11-02,11938.0,1194,goteo,53.72,18.8
170,8,2025-11-02,17917.0,489,gravedad,44.79,15.68
171,9,2025-11-02,2373.0,237,goteo,10.68,3.74
172,10,2025-11-02,35655.0,972,gravedad,89.14,31.2
173,1,2025-11-03,11128.0,1113,goteo,50.08,17.53
174,2,2025-11-03,20263.0,1105,aspersion,77.0,26.95
175,3,2025-11-03,9628.0,963,goteo,43.33,15.17
176,4,2025-11-03,4277.0,428,goteo,19.25,6.74
177,5,2025-11-03,8830.0,883,goteo,39.73,13.91
178,7,2025-11-03,11510.0,1151,goteo,51.79,18.13
179,8,2025-11-03,18515.0,505,gravedad,46.29,16.2
180,9,2025-11-03,2553.0,255,goteo,11.49,4.02
181,10,2025-11-03,32492.0,886,gravedad,81.23,28.43
182,1,2025-11-04,10996.0,1100,goteo,49.48,17.32
183,2,2025-11-04,21209.0,1157,aspersion,80.59,28.21
184,3,2025-11-04,9819.0,982,goteo,44.19,15.47
185,4,2025-11-04,4299.0,430,goteo,19.35,6.77
186,5,2025-11-04,8405.0,841,goteo,37.82,13.24
187,6,2025-11-04,5159.0,387,microaspersion,20.64,7.22
188,7,2025-11-04,10354.0,1035,goteo,46.59,16.31
189,8,2025-11-04,18450.0,503,gravedad,46.13,16.15
190,9,2025-11-04,2332.0,233,goteo,10.49,3.67
191,1,2025-11-05,9870.0,987,goteo,44.41,15.54
192,4,2025-11-05,4281.0,428,goteo,19.26,6.74
193,5,2025-11-05,9366.0,937,goteo,42.15,14.75
194,6,2025-11-05,5250.0,394,microaspersion,21.0,7.35
195,7,2025-11-05,11471.0,1147,goteo,51.62,18.07
196,9,2025-11-05,2584.0,258,goteo,11.63,4.07
197,10,2025-11-05,35195.0,960,gravedad,87.99,30.8
198,1,2025-11-06,11868.0,1187,goteo,53.4,18.69
199,2,2025-11-06,22891.0,1249,aspersion,86.98,30.44
200,3,2025-11-06,9372.0,937,goteo,42.17,14.76
201,4,2025-11-06,4365.0,436,goteo,19.64,6.87
202,5,2025-11-06,8579.0,858,goteo,38.6,13.51
203,7,2025-11-06,11141.0,1114,goteo,50.13,17.55
204,8,2025-11-06,18767.0,512,gravedad,46.92,16.42
205,9,2025-11-06,2460.0,246,goteo,11.07,3.87
206,10,2025-11-06,31480.0,859,gravedad,78.7,27.54
207,1,2025-11-07,11528.0,1153,goteo,51.88,18.16
208,2,2025-11-07,19187.0,1047,aspersion,72.91,25.52
209,3,2025-11-07,9726.0,973,goteo,43.77,15.32
210,4,2025-11-07,4093.0,409,goteo,18.42,6.45
211,5,2025-11-07,8691.0,869,goteo,39.11,13.69
212,6,2025-11-07,5478.0,411,microaspersion,21.91,7.67
213,7,2025-11-07,11783.0,1178,goteo,53.03,18.56
214,8,2025-11-07,17636.0,481,gravedad,44.09,15.43
215,9,2025-11-07,2371.0,237,goteo,10.67,3.73
216,1,2025-11-08,12339.0,1234,goteo,55.53,19.44
217,2,2025-11-08,21071.0,1149,aspersion,80.07,28.02
218,3,2025-11-08,9528.0,953,goteo,42.88,15.01
219,4,2025-11-08,4601.0,460,goteo,20.71,7.25
220,5,2025-11-08,9333.0,933,goteo,42.0,14.7
221,7,2025-11-08,12438.0,1244,goteo,55.97,19.59
222,8,2025-11-08,17292.0,472,gravedad,43.23,15.13
223,9,2025-11-08,2654.0,265,goteo,11.94,4.18
224,10,2025-11-08,36740.0,1002,gravedad,91.85,32.15
225,1,2025-11-09,11609.0,1161,goteo,52.24,18.28
226,3,2025-11-09,9070.0,907,goteo,40.82,14.29
227,4,2025-11-09,4171.0,417,goteo,18.77,6.57
228,5,2025-11-09,9986.0,999,goteo,44.94,15.73
229,6,2025-11-09,5531.0,415,microaspersion,22.12,7.74
230,7,2025-11-09,10988.0,1099,goteo,49.44,17.3
231,8,2025-11-09,19741.0,538,gravedad,49.35,17.27
232,9,2025-11-09,2733.0,273,goteo,12.3,4.3
233,10,2025-11-09,35162.0,959,gravedad,87.91,30.77
234,1,2025-11-10,12212.0,1221,goteo,54.95,19.23
235,2,2025-11-10,20678.0,1128,aspersion,78.58,27.5
236,4,2025-11-10,4186.0,419,goteo,18.84,6.59
237,5,2025-11-10,9052.0,905,goteo,40.74,14.26
238,7,2025-11-10,12424.0,1242,goteo,55.91,19.57
239,8,2025-11-10,17848.0,487,gravedad,44.62,15.62
240,9,2025-11-10,2672.0,267,goteo,12.02,4.21
241,1,2025-11-11,12097.0,1210,goteo,54.44,19.05
242,2,2025-11-11,19607.0,1069,aspersion,74.51,26.08
243,3,2025-11-11,9436.0,944,goteo,42.46,14.86
244,4,2025-11-11,4210.0,421,goteo,18.94,6.63
245,5,2025-11-11,8927.0,893,goteo,40.17,14.06
246,6,2025-11-11,6170.0,463,microaspersion,24.68,8.64
247,7,2025-11-11,11282.0,1128,goteo,50.77,17.77
248,9,2025-11-11,2203.0,220,goteo,9.91,3.47
249,10,2025-11-11,38007.0,1037,gravedad,95.02,33.26
250,1,2025-11-12,11859.0,1186,goteo,53.36,18.68
251,3,2025-11-12,9460.0,946,goteo,42.57,14.9
252,4,2025-11-12,4173.0,417,goteo,18.78,6.57
253,5,2025-11-12,9952.0,995,goteo,44.78,15.67
254,6,2025-11-12,5141.0,386,microaspersion,20.56,7.2
255,7,2025-11-12,11666.0,1167,goteo,52.5,18.38
256,8,2025-11-12,17306.0,472,gravedad,43.26,15.14
257,9,2025-11-12,2383.0,238,goteo,10.73,3.76
258,1,2025-11-13,11074.0,1107,goteo,49.83,17.44
259,2,2025-11-13,20451.0,1116,aspersion,77.72,27.2
260,3,2025-11-13,9468.0,947,goteo,42.61,14.91
261,4,2025-11-13,4523.0,452,goteo,20.35,7.12
262,5,2025-11-13,8291.0,829,goteo,37.31,13.06
263,7,2025-11-13,11278.0,1128,goteo,50.75,17.76
264,8,2025-11-13,18826.0,513,gravedad,47.07,16.47
265,9,2025-11-13,2528.0,253,goteo,11.38,3.98
266,10,2025-11-13,34028.0,928,gravedad,85.07,29.77
267,1,2025-11-14,11624.0,1162,goteo,52.31,18.31
268,2,2025-11-14,18825.0,1027,aspersion,71.53,25.04
269,4,2025-11-14,4171.0,417,goteo,18.77,6.57
270,5,2025-11-14,9088.0,909,goteo,40.9,14.31
271,6,2025-11-14,5155.0,387,microaspersion,20.62,7.22
272,7,2025-11-14,12079.0,1208,goteo,54.36,19.03
273,8,2025-11-14,20209.0,551,gravedad,50.52,17.68
274,9,2025-11-14,2694.0,269,goteo,12.12,4.24
275,1,2025-11-15,11407.0,1141,goteo,51.33,17.97
276,3,2025-11-15,9075.0,907,goteo,40.84,14.29
277,4,2025-11-15,4521.0,452,goteo,20.34,7.12
278,5,2025-11-15,7625.0,762,goteo,34.31,12.01
279,7,2025-11-15,11601.0,1160,goteo,52.21,18.27
280,8,2025-11-15,16854.0,460,gravedad,42.14,14.75
281,9,2025-11-15,2624.0,262,goteo,11.81,4.13
282,10,2025-11-15,34074.0,929,gravedad,85.19,29.82
283,1,2025-11-16,11557.0,1156,goteo,52.01,18.2
284,2,2025-11-16,21534.0,1175,aspersion,81.83,28.64
285,3,2025-11-16,8682.0,868,goteo,39.07,13.67
286,4,2025-11-16,4684.0,468,goteo,21.08,7.38
287,5,2025-11-16,8579.0,858,goteo,38.6,13.51
288,6,2025-11-16,5760.0,432,microaspersion,23.04,8.06
289,7,2025-11-16,11683.0,1168,goteo,52.57,18.4
290,9,2025-11-16,2360.0,236,goteo,10.62,3.72
291,10,2025-11-16,32681.0,891,gravedad,81.7,28.59
292,1,2025-11-17,10940.0,1094,goteo,49.23,17.23
293,2,2025-11-17,20069.0,1095,aspersion,76.26,26.69
294,3,2025-11-17,8952.0,895,goteo,40.29,14.1
295,4,2025-11-17,4029.0,403,goteo,18.13,6.35
296,5,2025-11-17,8587.0,859,goteo,38.64,13.52
297,7,2025-11-17,11952.0,1195,goteo,53.78,18.82
298,8,2025-11-17,18420.0,502,gravedad,46.05,16.12
299,9,2025-11-17,2590.0,259,goteo,11.65,4.08
300,1,2025-11-19,12413.0,1241,goteo,55.86,19.55
301,4,2025-11-19,4329.0,433,goteo,19.48,6.82
302,5,2025-11-19,8442.0,844,goteo,37.99,13.3
303,6,2025-11-19,5673.0,425,microaspersion,22.69,7.94
304,8,2025-11-19,18442.0,503,gravedad,46.1,16.13
305,9,2025-11-19,2717.0,272,goteo,12.23,4.28
306,10,2025-11-19,34187.0,932,gravedad,85.47,29.91
307,1,2025-11-20,12243.0,1224,goteo,55.09,19.28
308,2,2025-11-20,19487.0,1063,aspersion,74.05,25.92
309,3,2025-11-20,8936.0,894,goteo,40.21,14.07
310,4,2025-11-20,4071.0,407,goteo,18.32,6.41
311,5,2025-11-20,9462.0,946,goteo,42.58,14.9
312,7,2025-11-20,11118.0,1112,goteo,50.03,17.51
313,8,2025-11-20,18029.0,492,gravedad,45.07,15.77
314,9,2025-11-20,2384.0,238,goteo,10.73,3.76
315,1,2025-11-21,11778.0,1178,goteo,53.0,18.55
316,2,2025-11-21,20340.0,1109,aspersion,77.29,27.05
317,3,2025-11-21,9776.0,978,goteo,43.99,15.4
318,4,2025-11-21,4542.0,454,goteo,20.44,7.15
319,5,2025-11-21,9334.0,933,goteo,42.0,14.7
320,6,2025-11-21,5431.0,407,microaspersion,21.72,7.6
321,7,2025-11-21,12032.0,1203,goteo,54.14,18.95
322,8,2025-11-21,17912.0,489,gravedad,44.78,15.67
323,9,2025-11-21,2331.0,233,goteo,10.49,3.67
324,10,2025-11-21,36375.0,992,gravedad,90.94,31.83
325,1,2025-11-22,12690.0,1269,goteo,57.11,19.99
326,3,2025-11-22,8666.0,867,goteo,39.0,13.65
327,4,2025-11-22,4464.0,446,goteo,20.09,7.03
328,5,2025-11-22,8988.0,899,goteo,40.44,14.15
329,7,2025-11-22,11211.0,1121,goteo,50.45,17.66
330,8,2025-11-22,19370.0,528,gravedad,48.43,16.95
331,9,2025-11-22,2438.0,244,goteo,10.97,3.84
332,1,2025-11-23,12093.0,1209,goteo,54.42,19.05
333,2,2025-11-23,22620.0,1234,aspersion,85.96,30.09
334,3,2025-11-23,8622.0,862,goteo,38.8,13.58
335,4,2025-11-23,4274.0,427,goteo,19.23,6.73
336,5,2025-11-23,8558.0,856,goteo,38.51,13.48
337,6,2025-11-23,5601.0,420,microaspersion,22.4,7.84
338,7,2025-11-23,12325.0,1233,goteo,55.46,19.41
339,9,2025-11-23,2566.0,257,goteo,11.55,4.04
340,10,2025-11-23,32793.0,894,gravedad,81.98,28.69
341,1,2025-11-24,11555.0,1155,goteo,52.0,18.2
342,2,2025-11-24,21386.0,1167,aspersion,81.27,28.44
343,3,2025-11-24,10009.0,1001,goteo,45.04,15.76
344,4,2025-11-24,4189.0,419,goteo,18.85,6.6
345,5,2025-11-24,8610.0,861,goteo,38.74,13.56
346,6,2025-11-24,5515.0,414,microaspersion,22.06,7.72
347,7,2025-11-24,11210.0,1121,goteo,50.45,17.66
348,8,2025-11-24,19085.0,520,gravedad,47.71,16.7
349,9,2025-11-24,2528.0,253,goteo,11.37,3.98
350,10,2025-11-24,35624.0,972,gravedad,89.06,31.17
351,1,2025-11-25,11572.0,1157,goteo,52.08,18.23
352,4,2025-11-25,4164.0,416,goteo,18.74,6.56
353,5,2025-11-25,9124.0,912,goteo,41.06,14.37
354,7,2025-11-25,11232.0,1123,goteo,50.54,17.69
355,8,2025-11-25,19652.0,536,gravedad,49.13,17.2
356,9,2025-11-25,2681.0,268,goteo,12.06,4.22
357,1,2025-11-26,10464.0,1046,goteo,47.09,16.48
358,2,2025-11-26,21344.0,1164,aspersion,81.11,28.39
359,3,2025-11-26,9258.0,926,goteo,41.66,14.58
360,4,2025-11-26,4314.0,431,goteo,19.41,6.79
361,5,2025-11-26,8898.0,890,goteo,40.04,14.01
362,6,2025-11-26,5299.0,397,microaspersion,21.2,7.42
363,7,2025-11-26,12290.0,1229,goteo,55.3,19.35
364,8,2025-11-26,18985.0,518,gravedad,47.46,16.61
365,9,2025-11-26,2425.0,242,goteo,10.91,3.82
366,10,2025-11-26,34012.0,928,gravedad,85.03,29.76
367,1,2025-11-27,12104.0,1210,goteo,54.47,19.06
368,2,2025-11-27,21339.0,1164,aspersion,81.09,28.38
369,3,2025-11-27,9326.0,933,goteo,41.97,14.69
370,4,2025-11-27,4102.0,410,goteo,18.46,6.46
371,5,2025-11-27,9117.0,912,goteo,41.03,14.36
372,6,2025-11-27,5539.0,415,microaspersion,22.16,7.76
373,7,2025-11-27,11330.0,1133,goteo,50.98,17.84
374,9,2025-11-27,2386.0,239,goteo,10.74,3.76
375,1,2025-11-29,11593.0,1159,goteo,52.17,18.26
376,4,2025-11-29,4186.0,419,goteo,18.84,6.59
377,5,2025-11-29,8890.0,889,goteo,40.0,14.0
378,7,2025-11-29,10730.0,1073,goteo,48.29,16.9
379,8,2025-11-29,19614.0,535,gravedad,49.03,17.16
380,9,2025-11-29,2301.0,230,goteo,10.36,3.63
381,10,2025-11-29,32813.0,895,gravedad,82.03,28.71
382,1,2025-11-30,10593.0,1059,goteo,47.67,16.68
383,2,2025-11-30,20323.0,1109,aspersion,77.23,27.03
384,4,2025-11-30,4337.0,434,goteo,19.52,6.83
385,5,2025-11-30,8917.0,892,goteo,40.13,14.05
386,7,2025-11-30,11553.0,1155,goteo,51.99,18.2
387,8,2025-11-30,19043.0,519,gravedad,47.61,16.66
388,9,2025-11-30,2270.0,227,goteo,10.21,3.57
389,10,2025-11-30,34302.0,936,gravedad,85.76,30.02
390,1,2025-12-01,11605.0,1160,goteo,52.22,18.28
391,2,2025-12-01,21902.0,1195,aspersion,83.23,29.13
392,3,2025-12-01,9669.0,967,goteo,43.51,15.23
393,4,2025-12-01,4298.0,430,goteo,19.34,6.77
394,5,2025-12-01,9190.0,919,goteo,41.35,14.47
395,6,2025-12-01,5920.0,444,microaspersion,23.68,8.29
396,7,2025-12-01,12438.0,1244,goteo,55.97,19.59
397,8,2025-12-01,19064.0,520,gravedad,47.66,16.68
398,9,2025-12-01,2453.0,245,goteo,11.04,3.86
399,2,2025-12-02,22909.0,1250,aspersion,87.06,30.47
400,3,2025-12-02,10030.0,1003,goteo,45.13,15.8
401,4,2025-12-02,3980.0,398,goteo,17.91,6.27
402,5,2025-12-02,9392.0,939,goteo,42.27,14.79
403,6,2025-12-02,5700.0,428,microaspersion,22.8,7.98
404,7,2025-12-02,12296.0,1230,goteo,55.33,19.37
405,8,2025-12-02,18833.0,514,gravedad,47.08,16.48
406,9,2025-12-02,2410.0,241,goteo,10.85,3.8
407,10,2025-12-02,36267.0,989,gravedad,90.67,31.73
408,1,2025-12-03,12018.0,1202,goteo,54.08,18.93
409,4,2025-12-03,4085.0,409,goteo,18.38,6.43
410,5,2025-12-03,9076.0,908,goteo,40.84,14.29
411,7,2025-12-03,10971.0,1097,goteo,49.37,17.28
412,9,2025-12-03,2551.0,255,goteo,11.48,4.02
413,1,2025-12-04,11280.0,1128,goteo,50.76,17.77
414,2,2025-12-04,21738.0,1186,aspersion,82.61,28.91
415,3,2025-12-04,9886.0,989,goteo,44.49,15.57
416,4,2025-12-04,3917.0,392,goteo,17.63,6.17
417,5,2025-12-04,9201.0,920,goteo,41.4,14.49
418,6,2025-12-04,5680.0,426,microaspersion,22.72,7.95
419,7,2025-12-04,11823.0,1182,goteo,53.2,18.62
420,8,2025-12-04,18052.0,492,gravedad,45.13,15.8
421,9,2025-12-04,2531.0,253,goteo,11.39,3.99
422,10,2025-12-04,37130.0,1013,gravedad,92.82,32.49
423,1,2025-12-05,11979.0,1198,goteo,53.9,18.86
424,3,2025-12-05,10068.0,1007,goteo,45.31,15.86
425,4,2025-12-05,3980.0,398,goteo,17.91,6.27
426,5,2025-12-05,8752.0,875,goteo,39.38,13.78
427,6,2025-12-05,5546.0,416,microaspersion,22.19,7.77
428,8,2025-12-05,18210.0,497,gravedad,45.53,15.94
429,9,2025-12-05,2540.0,254,goteo,11.43,4.0
430,1,2025-12-06,12134.0,1213,goteo,54.6,19.11
431,2,2025-12-06,20645.0,1126,aspersion,78.45,27.46
432,3,2025-12-06,9694.0,969,goteo,43.62,15.27
433,4,2025-12-06,4141.0,414,goteo,18.63,6.52
434,5,2025-12-06,8096.0,810,goteo,36.43,12.75
435,7,2025-12-06,11265.0,1127,goteo,50.69,17.74
436,8,2025-12-06,19670.0,536,gravedad,49.18,17.21
437,9,2025-12-06,2419.0,242,goteo,10.88,3.81
438,10,2025-12-06,38733.0,1056,gravedad,96.83,33.89
439,1,2025-12-07,11266.0,1127,goteo,50.7,17.75
440,2,2025-12-07,22372.0,1220,aspersion,85.01,29.75
441,4,2025-12-07,4326.0,433,goteo,19.47,6.81
442,5,2025-12-07,9349.0,935,goteo,42.07,14.72
443,6,2025-12-07,5803.0,435,microaspersion,23.21,8.12
444,7,2025-12-07,11468.0,1147,goteo,51.61,18.06
445,9,2025-12-07,2529.0,253,goteo,11.38,3.98
446,1,2025-12-08,11918.0,1192,goteo,53.63,18.77
447,3,2025-12-08,9599.0,960,goteo,43.2,15.12
448,4,2025-12-08,4158.0,416,goteo,18.71,6.55
449,5,2025-12-08,8980.0,898,goteo,40.41,14.14
450,7,2025-12-08,12519.0,1252,goteo,56.34,19.72
451,8,2025-12-08,16807.0,458,gravedad,42.02,14.71
452,9,2025-12-08,2332.0,233,goteo,10.49,3.67
453,10,2025-12-08,33914.0,925,gravedad,84.79,29.68
454,2,2025-12-09,18988.0,1036,aspersion,72.16,25.26
455,4,2025-12-09,4127.0,413,goteo,18.57,6.5
456,5,2025-12-09,9007.0,901,goteo,40.53,14.19
457,6,2025-12-09,6181.0,464,microaspersion,24.72,8.65
458,7,2025-12-09,11289.0,1129,goteo,50.8,17.78
459,8,2025-12-09,18093.0,493,gravedad,45.23,15.83
460,9,2025-12-09,2238.0,224,goteo,10.07,3.52
461,1,2025-12-10,11019.0,1102,goteo,49.59,17.36
462,2,2025-12-10,20871.0,1138,aspersion,79.31,27.76
463,3,2025-12-10,9538.0,954,goteo,42.92,15.02
464,4,2025-12-10,4450.0,445,goteo,20.03,7.01
465,5,2025-12-10,9059.0,906,goteo,40.76,14.27
466,7,2025-12-10,11949.0,1195,goteo,53.77,18.82
467,8,2025-12-10,18567.0,506,gravedad,46.42,16.25
468,9,2025-12-10,2528.0,253,goteo,11.38,3.98
469,10,2025-12-10,34815.0,949,gravedad,87.04,30.46
470,1,2025-12-11,10745.0,1075,goteo,48.35,16.92
471,3,2025-12-11,8813.0,881,goteo,39.66,13.88
472,4,2025-12-11,4408.0,441,goteo,19.84,6.94
473,5,2025-12-11,9393.0,939,goteo,42.27,14.79
474,6,2025-12-11,6123.0,459,microaspersion,24.49,8.57
475,7,2025-12-11,11534.0,1153,goteo,51.9,18.16
476,9,2025-12-11,2547.0,255,goteo,11.46,4.01
477,10,2025-12-11,33833.0,923,gravedad,84.58,29.6
478,1,2025-12-12,11256.0,1126,goteo,50.65,17.73
479,2,2025-12-12,20782.0,1134,aspersion,78.97,27.64
480,3,2025-12-12,9473.0,947,goteo,42.63,14.92
481,4,2025-12-12,4197.0,420,goteo,18.89,6.61
482,5,2025-12-12,9475.0,948,goteo,42.64,14.92
483,7,2025-12-12,10695.0,1069,goteo,48.13,16.85
484,8,2025-12-12,20715.0,565,gravedad,51.79,18.13
485,9,2025-12-12,2102.0,210,goteo,9.46,3.31
486,1,2025-12-13,10218.0,1022,goteo,45.98,16.09
487,2,2025-12-13,19957.0,1089,aspersion,75.84,26.54
488,3,2025-12-13,9241.0,924,goteo,41.58,14.55
489,4,2025-12-13,4043.0,404,goteo,18.19,6.37
490,5,2025-12-13,9911.0,991,goteo,44.6,15.61
491,6,2025-12-13,5440.0,408,microaspersion,21.76,7.62
492,7,2025-12-13,11862.0,1186,goteo,53.38,18.68
493,8,2025-12-13,17836.0,486,gravedad,44.59,15.61
494,9,2025-12-13,2408.0,241,goteo,10.84,3.79
495,1,2025-12-14,9724.0,972,goteo,43.76,15.32
496,3,2025-12-14,9648.0,965,goteo,43.42,15.2
497,4,2025-12-14,4466.0,447,goteo,20.1,7.04
498,5,2025-12-14,9223.0,922,goteo,41.5,14.52
499,7,2025-12-14,11862.0,1186,goteo,53.38,18.68
500,9,2025-12-14,2686.0,269,goteo,12.09,4.23
501,10,2025-12-14,36115.0,985,gravedad,90.29,31.6
502,1,2025-12-15,11341.0,1134,goteo,51.04,17.86
503,2,2025-12-15,19897.0,1085,aspersion,75.61,26.46
504,4,2025-12-15,4129.0,413,goteo,18.58,6.5
505,5,2025-12-15,9295.0,929,goteo,41.83,14.64
506,6,2025-12-15,5928.0,445,microaspersion,23.71,8.3
507,7,2025-12-15,11775.0,1177,goteo,52.99,18.55
508,8,2025-12-15,18723.0,511,gravedad,46.81,16.38
509,9,2025-12-15,2453.0,245,goteo,11.04,3.86
510,10,2025-12-15,33742.0,920,gravedad,84.36,29.53
511,1,2025-12-16,10625.0,1063,goteo,47.81,16.73
512,2,2025-12-16,21256.0,1159,aspersion,80.77,28.27
513,3,2025-12-16,9233.0,923,goteo,41.55,14.54
514,4,2025-12-16,3941.0,394,goteo,17.73,6.21
515,5,2025-12-16,8798.0,880,goteo,39.59,13.86
516,7,2025-12-16,11272.0,1127,goteo,50.72,17.75
517,8,2025-12-16,17233.0,470,gravedad,43.08,15.08
518,9,2025-12-16,2665.0,267,goteo,11.99,4.2
519,2,2025-12-17,20246.0,1104,aspersion,76.93,26.93
520,3,2025-12-17,8493.0,849,goteo,38.22,13.38
521,4,2025-12-17,4307.0,431,goteo,19.38,6.78
522,5,2025-12-17,8229.0,823,goteo,37.03,12.96
523,6,2025-12-17,5656.0,424,microaspersion,22.62,7.92
524,7,2025-12-17,11324.0,1132,goteo,50.96,17.84
525,8,2025-12-17,18159.0,495,gravedad,45.4,15.89
526,9,2025-12-17,2422.0,242,goteo,10.9,3.81
527,10,2025-12-17,35567.0,970,gravedad,88.92,31.12
528,1,2025-12-18,11665.0,1166,goteo,52.49,18.37
529,4,2025-12-18,4141.0,414,goteo,18.63,6.52
530,5,2025-12-18,9160.0,916,goteo,41.22,14.43
531,6,2025-12-18,6058.0,454,microaspersion,24.23,8.48
532,7,2025-12-18,11597.0,1160,goteo,52.19,18.27
533,9,2025-12-18,2443.0,244,goteo,10.99,3.85
534,1,2025-12-19,11398.0,1140,goteo,51.29,17.95
535,2,2025-12-19,19793.0,1080,aspersion,75.21,26.32
536,3,2025-12-19,9179.0,918,goteo,41.3,14.45
537,4,2025-12-19,4101.0,410,goteo,18.46,6.46
538,5,2025-12-19,8612.0,861,goteo,38.75,13.56
539,7,2025-12-19,11634.0,1163,goteo,52.35,18.32
540,8,2025-12-19,18079.0,493,gravedad,45.2,15.82
541,9,2025-12-19,2421.0,242,goteo,10.9,3.81
542,10,2025-12-19,35142.0,958,gravedad,87.86,30.75
543,1,2025-12-20,12165.0,1217,goteo,54.74,19.16
544,2,2025-12-20,19510.0,1064,aspersion,74.14,25.95
545,3,2025-12-20,9718.0,972,goteo,43.73,15.31
546,4,2025-12-20,4094.0,409,goteo,18.42,6.45
547,5,2025-12-20,8790.0,879,goteo,39.55,13.84
548,6,2025-12-20,6319.0,474,microaspersion,25.28,8.85
549,7,2025-12-20,12451.0,1245,goteo,56.03,19.61
550,8,2025-12-20,18440.0,503,gravedad,46.1,16.13
551,9,2025-12-20,2535.0,253,goteo,11.41,3.99
552,1,2025-12-21,11523.0,1152,goteo,51.85,18.15
553,2,2025-12-21,22537.0,1229,aspersion,85.64,29.97
554,3,2025-12-21,7469.0,747,goteo,33.61,11.76
555,4,2025-12-21,4515.0,452,goteo,20.32,7.11
556,5,2025-12-21,8914.0,891,goteo,40.11,14.04
557,7,2025-12-21,11671.0,1167,goteo,52.52,18.38
558,8,2025-12-21,17326.0,473,gravedad,43.32,15.16
559,9,2025-12-21,2617.0,262,goteo,11.78,4.12
560,10,2025-12-21,31849.0,869,gravedad,79.62,27.87
561,1,2025-12-22,12080.0,1208,goteo,54.36,19.03
562,3,2025-12-22,9613.0,961,goteo,43.26,15.14
563,4,2025-12-22,4354.0,435,goteo,19.59,6.86
564,5,2025-12-22,8971.0,897,goteo,40.37,14.13
565,6,2025-12-22,5693.0,427,microaspersion,22.77,7.97
566,7,2025-12-22,11568.0,1157,goteo,52.06,18.22
567,8,2025-12-22,18061.0,493,gravedad,45.15,15.8
568,9,2025-12-22,2534.0,253,goteo,11.4,3.99
569,1,2025-12-23,11272.0,1127,goteo,50.72,17.75
570,2,2025-12-23,20370.0,1111,aspersion,77.41,27.09
571,3,2025-12-23,10112.0,1011,goteo,45.5,15.92
572,4,2025-12-23,4249.0,425,goteo,19.12,6.69
573,5,2025-12-23,8666.0,867,goteo,39.0,13.65
574,7,2025-12-23,12019.0,1202,goteo,54.08,18.93
575,9,2025-12-23,2408.0,241,goteo,10.84,3.79
576,10,2025-12-23,33425.0,912,gravedad,83.56,29.25
577,1,2025-12-24,12303.0,1230,goteo,55.36,19.38
578,4,2025-12-24,3905.0,391,goteo,17.57,6.15
579,5,2025-12-24,8843.0,884,goteo,39.79,13.93
580,6,2025-12-24,6090.0,457,microaspersion,24.36,8.53
581,7,2025-12-24,12529.0,1253,goteo,56.38,19.73
582,8,2025-12-24,17084.0,466,gravedad,42.71,14.95
583,9,2025-12-24,2580.0,258,goteo,11.61,4.06
584,10,2025-12-24,32664.0,891,gravedad,81.66,28.58
585,2,2025-12-25,20982.0,1144,aspersion,79.73,27.91
586,3,2025-12-25,8997.0,900,goteo,40.49,14.17
587,4,2025-12-25,4352.0,435,goteo,19.58,6.85
588,5,2025-12-25,9185.0,918,goteo,41.33,14.47
589,6,2025-12-25,5695.0,427,microaspersion,22.78,7.97
590,7,2025-12-25,11157.0,1116,goteo,50.21,17.57
591,8,2025-12-25,18676.0,509,gravedad,46.69,16.34
592,9,2025-12-25,2581.0,258,goteo,11.61,4.06
593,1,2025-12-26,11621.0,1162,goteo,52.29,18.3
594,3,2025-12-26,10180.0,1018,goteo,45.81,16.03
595,4,2025-12-26,4011.0,401,goteo,18.05,6.32
596,5,2025-12-26,9137.0,914,goteo,41.12,14.39
597,6,2025-12-26,5593.0,419,microaspersion,22.37,7.83
598,7,2025-12-26,12209.0,1221,goteo,54.94,19.23
599,8,2025-12-26,19461.0,531,gravedad,48.65,17.03
600,9,2025-12-26,2381.0,238,goteo,10.71,3.75
601,10,2025-12-26,34866.0,951,gravedad,87.17,30.51
602,1,2025-12-27,11842.0,1184,goteo,53.29,18.65
603,2,2025-12-27,21532.0,1174,aspersion,81.82,28.64
604,3,2025-12-27,9297.0,930,goteo,41.84,14.64
605,4,2025-12-27,4248.0,425,goteo,19.12,6.69
606,5,2025-12-27,8764.0,876,goteo,39.44,13.8
607,7,2025-12-27,12482.0,1248,goteo,56.17,19.66
608,8,2025-12-27,18434.0,503,gravedad,46.09,16.13
609,9,2025-12-27,2456.0,246,goteo,11.05,3.87
610,1,2025-12-28,10438.0,1044,goteo,46.97,16.44
611,2,2025-12-28,21893.0,1194,aspersion,83.2,29.12
612,4,2025-12-28,4488.0,449,goteo,20.19,7.07
613,5,2025-12-28,8635.0,863,goteo,38.86,13.6
614,6,2025-12-28,5522.0,414,microaspersion,22.09,7.73
615,7,2025-12-28,11365.0,1137,goteo,51.14,17.9
616,9,2025-12-28,2658.0,266,goteo,11.96,4.19
617,10,2025-12-28,37495.0,1023,gravedad,93.74,32.81
618,1,2025-12-29,11821.0,1182,goteo,53.19,18.62
619,2,2025-12-29,20262.0,1105,aspersion,76.99,26.95
620,3,2025-12-29,9239.0,924,goteo,41.58,14.55
621,4,2025-12-29,4192.0,419,goteo,18.87,6.6
622,5,2025-12-29,8755.0,875,goteo,39.4,13.79
623,7,2025-12-29,11688.0,1169,goteo,52.59,18.41
624,8,2025-12-29,17401.0,475,gravedad,43.5,15.22
625,9,2025-12-29,2354.0,235,goteo,10.59,3.71
626,1,2025-12-30,10779.0,1078,goteo,48.51,16.98
627,4,2025-12-30,4684.0,468,goteo,21.08,7.38
628,5,2025-12-30,8749.0,875,goteo,39.37,13.78
629,6,2025-12-30,5095.0,382,microaspersion,20.38,7.13
630,7,2025-12-30,11934.0,1193,goteo,53.7,18.79
631,8,2025-12-30,18089.0,493,gravedad,45.22,15.83
632,9,2025-12-30,2512.0,251,goteo,11.31,3.96
633,10,2025-12-30,35876.0,978,gravedad,89.69,31.39
634,1,2025-12-31,11393.0,1139,goteo,51.27,17.94
635,2,2025-12-31,21241.0,1159,aspersion,80.72,28.25
636,3,2025-12-31,9351.0,935,goteo,42.08,14.73
637,4,2025-12-31,4487.0,449,goteo,20.19,7.07
638,5,2025-12-31,9754.0,975,goteo,43.89,15.36
639,6,2025-12-31,5301.0,398,microaspersion,21.2,7.42
640,7,2025-12-31,12399.0,1240,goteo,55.8,19.53
641,8,2025-12-31,18755.0,511,gravedad,46.89,16.41
642,9,2025-12-31,2623.0,262,goteo,11.8,4.13
643,10,2025-12-31,35448.0,967,gravedad,88.62,31.02
644,1,2026-01-01,11007.0,1101,goteo,49.53,17.34
645,3,2026-01-01,9215.0,922,goteo,41.47,14.51
646,4,2026-01-01,4242.0,424,goteo,19.09,6.68
647,5,2026-01-01,8722.0,872,goteo,39.25,13.74
648,7,2026-01-01,12167.0,1217,goteo,54.75,19.16
649,9,2026-01-01,2452.0,245,goteo,11.03,3.86
650,2,2026-01-02,20431.0,1114,aspersion,77.64,27.17
651,3,2026-01-02,9354.0,935,goteo,42.09,14.73
652,4,2026-01-02,4004.0,400,goteo,18.02,6.31
653,5,2026-01-02,8680.0,868,goteo,39.06,13.67
654,6,2026-01-02,5594.0,420,microaspersion,22.38,7.83
655,7,2026-01-02,12360.0,1236,goteo,55.62,19.47
656,8,2026-01-02,18503.0,505,gravedad,46.26,16.19
657,9,2026-01-02,2815.0,281,goteo,12.67,4.43
658,10,2026-01-02,36289.0,990,gravedad,90.72,31.75
659,1,2026-01-03,11783.0,1178,goteo,53.02,18.56
660,2,2026-01-03,22173.0,1209,aspersion,84.26,29.49
661,3,2026-01-03,9423.0,942,goteo,42.4,14.84
662,4,2026-01-03,4279.0,428,goteo,19.25,6.74
663,5,2026-01-03,8539.0,854,goteo,38.42,13.45
664,6,2026-01-03,5241.0,393,microaspersion,20.97,7.34
665,8,2026-01-03,19852.0,541,gravedad,49.63,17.37
666,9,2026-01-03,2666.0,267,goteo,12.0,4.2
667,1,2026-01-04,11346.0,1135,goteo,51.06,17.87
668,4,2026-01-04,3960.0,396,goteo,17.82,6.24
669,5,2026-01-04,9278.0,928,goteo,41.75,14.61
670,7,2026-01-04,11254.0,1125,goteo,50.64,17.72
671,8,2026-01-04,20116.0,549,gravedad,50.29,17.6
672,9,2026-01-04,2381.0,238,goteo,10.71,3.75
673,10,2026-01-04,37141.0,1013,gravedad,92.85,32.5
674,1,2026-01-05,12213.0,1221,goteo,54.96,19.24
675,2,2026-01-05,20695.0,1129,aspersion,78.64,27.52
676,3,2026-01-05,9345.0,934,goteo,42.05,14.72
677,4,2026-01-05,4241.0,424,goteo,19.08,6.68
678,5,2026-01-05,9026.0,903,goteo,40.62,14.22
679,6,2026-01-05,5453.0,409,microaspersion,21.81,7.63
680,7,2026-01-05,11491.0,1149,goteo,51.71,18.1
681,9,2026-01-05,2406.0,241,goteo,10.83,3.79
682,1,2026-01-06,11560.0,1156,goteo,52.02,18.21
683,2,2026-01-06,20501.0,1118,aspersion,77.9,27.27
684,3,2026-01-06,8894.0,889,goteo,40.02,14.01
685,4,2026-01-06,4276.0,428,goteo,19.24,6.73
686,5,2026-01-06,9174.0,917,goteo,41.28,14.45
687,7,2026-01-06,11010.0,1101,goteo,49.55,17.34
688,8,2026-01-06,18765.0,512,gravedad,46.91,16.42
689,9,2026-01-06,2528.0,253,goteo,11.38,3.98
690,10,2026-01-06,36683.0,1000,gravedad,91.71,32.1
691,1,2026-01-07,12512.0,1251,goteo,56.3,19.7
692,3,2026-01-07,9011.0,901,goteo,40.55,14.19
693,4,2026-01-07,4691.0,469,goteo,21.11,7.39
694,5,2026-01-07,8513.0,851,goteo,38.31,13.41
695,6,2026-01-07,5613.0,421,microaspersion,22.45,7.86
696,7,2026-01-07,11990.0,1199,goteo,53.96,18.89
697,8,2026-01-07,17150.0,468,gravedad,42.88,15.01
698,9,2026-01-07,2576.0,258,goteo,11.59,4.06
699,1,2026-01-08,10949.0,1095,goteo,49.27,17.24
700,2,2026-01-08,20573.0,1122,aspersion,78.18,27.36
701,3,2026-01-08,9132.0,913,goteo,41.09,14.38
702,4,2026-01-08,4189.0,419,goteo,18.85,6.6
703,5,2026-01-08,9536.0,954,goteo,42.91,15.02
704,6,2026-01-08,5478.0,411,microaspersion,21.91,7.67
705,7,2026-01-08,11898.0,1190,goteo,53.54,18.74
706,8,2026-01-08,17439.0,476,gravedad,43.6,15.26
707,9,2026-01-08,2436.0,244,goteo,10.96,3.84
708,10,2026-01-08,36636.0,999,gravedad,91.59,32.06
709,1,2026-01-09,11101.0,1110,goteo,49.96,17.49
710,2,2026-01-09,20306.0,1108,aspersion,77.16,27.01
711,3,2026-01-09,9561.0,956,goteo,43.03,15.06
712,4,2026-01-09,3997.0,400,goteo,17.99,6.3
713,5,2026-01-09,8890.0,889,goteo,40.01,14.0
714,7,2026-01-09,12000.0,1200,goteo,54.0,18.9
715,9,2026-01-09,2658.0,266,goteo,11.96,4.19
716,1,2026-01-10,10011.0,1001,goteo,45.05,15.77
717,3,2026-01-10,9169.0,917,goteo,41.26,14.44
718,4,2026-01-10,4318.0,432,goteo,19.43,6.8
719,5,2026-01-10,9592.0,959,goteo,43.16,15.11
720,6,2026-01-10,6330.0,475,microaspersion,25.32,8.86
721,7,2026-01-10,11773.0,1177,goteo,52.98,18.54
722,8,2026-01-10,17778.0,485,gravedad,44.44,15.55
723,9,2026-01-10,2621.0,262,goteo,11.8,4.13
724,10,2026-01-10,33498.0,914,gravedad,83.75,29.31
725,1,2026-01-11,11928.0,1193,goteo,53.68,18.79
726,2,2026-01-11,20856.0,1138,aspersion,79.25,27.74
727,4,2026-01-11,3746.0,375,goteo,16.86,5.9
728,5,2026-01-11,9096.0,910,goteo,40.93,14.33
729,6,2026-01-11,5760.0,432,microaspersion,23.04,8.06
730,8,2026-01-11,18258.0,498,gravedad,45.64,15.97
731,9,2026-01-11,2737.0,274,goteo,12.31,4.31
732,10,2026-01-11,33891.0,924,gravedad,84.73,29.66
733,1,2026-01-12,10820.0,1082,goteo,48.69,17.04
734,2,2026-01-12,20091.0,1096,aspersion,76.34,26.72
735,3,2026-01-12,9727.0,973,goteo,43.77,15.32
736,4,2026-01-12,4288.0,429,goteo,19.29,6.75
737,5,2026-01-12,9230.0,923,goteo,41.53,14.54
738,7,2026-01-12,11921.0,1192,goteo,53.65,18.78
739,8,2026-01-12,17342.0,473,gravedad,43.35,15.17
740,9,2026-01-12,2572.0,257,goteo,11.57,4.05
741,1,2026-01-13,12310.0,1231,goteo,55.4,19.39
742,2,2026-01-13,19997.0,1091,aspersion,75.99,26.6
743,3,2026-01-13,9692.0,969,goteo,43.61,15.26
744,4,2026-01-13,4344.0,434,goteo,19.55,6.84
745,5,2026-01-13,8682.0,868,goteo,39.07,13.67
746,6,2026-01-13,6013.0,451,microaspersion,24.05,8.42
747,7,2026-01-13,11534.0,1153,goteo,51.9,18.16
748,8,2026-01-13,19133.0,522,gravedad,47.83,16.74
749,9,2026-01-13,2517.0,252,goteo,11.33,3.97
750,10,2026-01-13,35748.0,975,gravedad,89.37,31.28
751,1,2026-01-14,12480.0,1248,goteo,56.16,19.66
752,3,2026-01-14,9175.0,918,goteo,41.29,14.45
753,4,2026-01-14,4265.0,426,goteo,19.19,6.72
754,5,2026-01-14,9399.0,940,goteo,42.3,14.8
755,7,2026-01-14,12304.0,1230,goteo,55.37,19.38
756,9,2026-01-14,2524.0,252,goteo,11.36,3.98
757,1,2026-01-15,12545.0,1255,goteo,56.45,19.76
758,2,2026-01-15,21149.0,1154,aspersion,80.37,28.13
759,3,2026-01-15,8949.0,895,goteo,40.27,14.09
760,4,2026-01-15,4220.0,422,goteo,18.99,6.65
761,5,2026-01-15,9249.0,925,goteo,41.62,14.57
762,6,2026-01-15,5434.0,408,microaspersion,21.74,7.61
763,8,2026-01-15,19869.0,542,gravedad,49.67,17.38
764,9,2026-01-15,2508.0,251,goteo,11.29,3.95
765,10,2026-01-15,38031.0,1037,gravedad,95.08,33.28
766,1,2026-01-16,12417.0,1242,goteo,55.88,19.56
767,2,2026-01-16,20978.0,1144,aspersion,79.72,27.9
768,3,2026-01-16,8616.0,862,goteo,38.77,13.57
769,4,2026-01-16,4037.0,404,goteo,18.17,6.36
770,5,2026-01-16,9343.0,934,goteo,42.04,14.71
771,7,2026-01-16,11670.0,1167,goteo,52.52,18.38
772,8,2026-01-16,17240.0,470,gravedad,43.1,15.08
773,9,2026-01-16,2339.0,234,goteo,10.52,3.68
774,1,2026-01-17,10306.0,1031,goteo,46.38,16.23
775,2,2026-01-17,21232.0,1158,aspersion,80.68,28.24
776,4,2026-01-17,4576.0,458,goteo,20.59,7.21
777,5,2026-01-17,8770.0,877,goteo,39.47,13.81
778,6,2026-01-17,5822.0,437,microaspersion,23.29,8.15
779,7,2026-01-17,11361.0,1136,goteo,51.13,17.9
780,8,2026-01-17,18653.0,509,gravedad,46.63,16.32
781,9,2026-01-17,2472.0,247,goteo,11.13,3.9
782,10,2026-01-17,39753.0,1084,gravedad,99.38,34.78
783,1,2026-01-18,10377.0,1038,goteo,46.7,16.34
784,3,2026-01-18,9241.0,924,goteo,41.59,14.56
785,4,2026-01-18,4123.0,412,goteo,18.55,6.49
786,5,2026-01-18,9627.0,963,goteo,43.32,15.16
787,7,2026-01-18,11101.0,1110,goteo,49.96,17.49
788,9,2026-01-18,2500.0,250,goteo,11.25,3.94
789,1,2026-01-19,12520.0,1252,goteo,56.34,19.72
790,2,2026-01-19,21354.0,1165,aspersion,81.15,28.4
791,3,2026-01-19,9273.0,927,goteo,41.73,14.61
792,4,2026-01-19,4403.0,440,goteo,19.81,6.93
793,5,2026-01-19,8837.0,884,goteo,39.77,13.92
794,6,2026-01-19,5786.0,434,microaspersion,23.14,8.1
795,7,2026-01-19,12062.0,1206,goteo,54.28,19.0
796,8,2026-01-19,19269.0,526,gravedad,48.17,16.86
797,9,2026-01-19,2455.0,245,goteo,11.05,3.87
798,10,2026-01-19,33432.0,912,gravedad,83.58,29.25
799,1,2026-01-20,11813.0,1181,goteo,53.16,18.61
800,3,2026-01-20,9691.0,969,goteo,43.61,15.26
801,4,2026-01-20,4066.0,407,goteo,18.3,6.41
802,5,2026-01-20,8924.0,892,goteo,40.16,14.06
803,7,2026-01-20,10979.0,1098,goteo,49.4,17.29
804,8,2026-01-20,18179.0,496,gravedad,45.45,15.91
805,9,2026-01-20,2415.0,242,goteo,10.87,3.8
806,10,2026-01-20,33737.0,920,gravedad,84.34,29.52
807,1,2026-01-21,11857.0,1186,goteo,53.36,18.68
808,2,2026-01-21,20831.0,1136,aspersion,79.16,27.71
809,3,2026-01-21,9335.0,933,goteo,42.01,14.7
810,4,2026-01-21,4360.0,436,goteo,19.62,6.87
811,5,2026-01-21,9419.0,942,goteo,42.39,14.84
812,6,2026-01-21,6032.0,452,microaspersion,24.13,8.45
813,7,2026-01-21,12425.0,1243,goteo,55.91,19.57
814,8,2026-01-21,20008.0,546,gravedad,50.02,17.51
815,9,2026-01-21,2369.0,237,goteo,10.66,3.73
816,1,2026-01-22,11734.0,1173,goteo,52.8,18.48
817,2,2026-01-22,20086.0,1096,aspersion,76.33,26.72
818,3,2026-01-22,9305.0,931,goteo,41.87,14.65
819,4,2026-01-22,4676.0,468,goteo,21.04,7.36
820,5,2026-01-22,8432.0,843,goteo,37.95,13.28
821,6,2026-01-22,5301.0,398,microaspersion,21.21,7.42
822,7,2026-01-22,11718.0,1172,goteo,52.73,18.46
823,9,2026-01-22,2557.0,256,goteo,11.51,4.03
824,10,2026-01-22,33489.0,913,gravedad,83.72,29.3
825,1,2026-01-23,11511.0,1151,goteo,51.8,18.13
826,2,2026-01-23,20641.0,1126,aspersion,78.43,27.45
827,3,2026-01-23,9415.0,941,goteo,42.37,14.83
828,4,2026-01-23,4749.0,475,goteo,21.37,7.48
829,5,2026-01-23,8743.0,874,goteo,39.35,13.77
830,7,2026-01-23,10466.0,1047,goteo,47.09,16.48
831,8,2026-01-23,18412.0,502,gravedad,46.03,16.11
832,9,2026-01-23,2542.0,254,goteo,11.44,4.0
833,10,2026-01-23,34907.0,952,gravedad,87.27,30.54
834,1,2026-01-24,10537.0,1054,goteo,47.42,16.6
835,4,2026-01-24,3971.0,397,goteo,17.87,6.25
836,5,2026-01-24,9009.0,901,goteo,40.54,14.19
837,6,2026-01-24,5556.0,417,microaspersion,22.23,7.78
838,7,2026-01-24,11335.0,1134,goteo,51.01,17.85
839,8,2026-01-24,19199.0,524,gravedad,48.0,16.8
840,9,2026-01-24,2650.0,265,goteo,11.92,4.17
841,1,2026-01-25,11008.0,1101,goteo,49.54,17.34
842,2,2026-01-25,19816.0,1081,aspersion,75.3,26.35
843,3,2026-01-25,9269.0,927,goteo,41.71,14.6
844,4,2026-01-25,4229.0,423,goteo,19.03,6.66
845,5,2026-01-25,9087.0,909,goteo,40.89,14.31
846,7,2026-01-25,11194.0,1119,goteo,50.37,17.63
847,9,2026-01-25,2419.0,242,goteo,10.89,3.81
848,10,2026-01-25,34917.0,952,gravedad,87.29,30.55
849,1,2026-01-26,11916.0,1192,goteo,53.62,18.77
850,2,2026-01-26,21358.0,1165,aspersion,81.16,28.41
851,3,2026-01-26,8974.0,897,goteo,40.38,14.13
852,4,2026-01-26,3918.0,392,goteo,17.63,6.17
853,5,2026-01-26,8740.0,874,goteo,39.33,13.77
854,6,2026-01-26,5326.0,399,microaspersion,21.3,7.46
855,7,2026-01-26,10317.0,1032,goteo,46.43,16.25
856,8,2026-01-26,18992.0,518,gravedad,47.48,16.62
857,9,2026-01-26,2496.0,250,goteo,11.23,3.93
858,10,2026-01-26,34139.0,931,gravedad,85.35,29.87
859,1,2026-01-27,12238.0,1224,goteo,55.07,19.27
860,3,2026-01-27,9694.0,969,goteo,43.62,15.27
861,4,2026-01-27,4197.0,420,goteo,18.88,6.61
862,5,2026-01-27,8760.0,876,goteo,39.42,13.8
863,6,2026-01-27,5815.0,436,microaspersion,23.26,8.14
864,7,2026-01-27,11740.0,1174,goteo,52.83,18.49
865,8,2026-01-27,19512.0,532,gravedad,48.78,17.07
866,9,2026-01-27,2521.0,252,goteo,11.34,3.97
867,1,2026-01-28,11324.0,1132,goteo,50.96,17.84
868,2,2026-01-28,19934.0,1087,aspersion,75.75,26.51
869,4,2026-01-28,4519.0,452,goteo,20.33,7.12
870,5,2026-01-28,9840.0,984,goteo,44.28,15.5
871,6,2026-01-28,5565.0,417,microaspersion,22.26,7.79
872,7,2026-01-28,12196.0,1220,goteo,54.88,19.21
873,8,2026-01-28,19030.0,519,gravedad,47.58,16.65
874,9,2026-01-28,2316.0,232,goteo,10.42,3.65
875,10,2026-01-28,34924.0,952,gravedad,87.31,30.56
876,1,2026-01-30,11256.0,1126,goteo,50.65,17.73
877,2,2026-01-30,20002.0,1091,aspersion,76.01,26.6
878,3,2026-01-30,9890.0,989,goteo,44.51,15.58
879,4,2026-01-30,4200.0,420,goteo,18.9,6.61
880,5,2026-01-30,10252.0,1025,goteo,46.14,16.15
881,6,2026-01-30,5631.0,422,microaspersion,22.52,7.88
882,7,2026-01-30,11049.0,1105,goteo,49.72,17.4
883,8,2026-01-30,19559.0,533,gravedad,48.9,17.11
884,9,2026-01-30,2551.0,255,goteo,11.48,4.02
885,10,2026-01-30,32027.0,873,gravedad,80.07,28.02
886,1,2026-01-31,10638.0,1064,goteo,47.87,16.75
887,2,2026-01-31,20830.0,1136,aspersion,79.15,27.7
888,3,2026-01-31,9105.0,910,goteo,40.97,14.34
889,4,2026-01-31,4025.0,402,goteo,18.11,6.34
890,5,2026-01-31,9194.0,919,goteo,41.37,14.48
891,6,2026-01-31,4991.0,374,microaspersion,19.96,6.99
892,7,2026-01-31,11904.0,1190,goteo,53.57,18.75
893,8,2026-01-31,18521.0,505,gravedad,46.3,16.2
894,9,2026-01-31,2332.0,233,goteo,10.49,3.67
895,1,2026-02-01,10274.0,1027,goteo,46.23,16.18
896,2,2026-02-01,22833.0,1245,aspersion,86.77,30.37
897,3,2026-02-01,9252.0,925,goteo,41.64,14.57
898,4,2026-02-01,4370.0,437,goteo,19.66,6.88
899,5,2026-02-01,8420.0,842,goteo,37.89,13.26
900,7,2026-02-01,11469.0,1147,goteo,51.61,18.06
901,8,2026-02-01,17332.0,473,gravedad,43.33,15.17
902,9,2026-02-01,2310.0,231,goteo,10.39,3.64
903,10,2026-02-01,36112.0,985,gravedad,90.28,31.6
904,1,2026-02-02,11249.0,1125,goteo,50.62,17.72
905,3,2026-02-02,9933.0,993,goteo,44.7,15.64
906,4,2026-02-02,4445.0,445,goteo,20.0,7.0
907,5,2026-02-02,9024.0,902,goteo,40.61,14.21
908,6,2026-02-02,5473.0,410,microaspersion,21.89,7.66
909,7,2026-02-02,11593.0,1159,goteo,52.17,18.26
910,8,2026-02-02,17665.0,482,gravedad,44.16,15.46
911,9,2026-02-02,2561.0,256,goteo,11.53,4.04
912,10,2026-02-02,37514.0,1023,gravedad,93.79,32.83
913,1,2026-02-03,11812.0,1181,goteo,53.15,18.6
914,4,2026-02-03,4457.0,446,goteo,20.06,7.02
915,5,2026-02-03,9601.0,960,goteo,43.21,15.12
916,6,2026-02-03,5744.0,431,microaspersion,22.98,8.04
917,7,2026-02-03,11182.0,1118,goteo,50.32,17.61
918,8,2026-02-03,18035.0,492,gravedad,45.09,15.78
919,9,2026-02-03,2504.0,250,goteo,11.27,3.94
920,1,2026-02-04,11781.0,1178,goteo,53.01,18.55
921,2,2026-02-04,21059.0,1149,aspersion,80.03,28.01
922,3,2026-02-04,10441.0,1044,goteo,46.99,16.45
923,4,2026-02-04,4590.0,459,goteo,20.66,7.23
924,5,2026-02-04,8489.0,849,goteo,38.2,13.37
925,7,2026-02-04,11722.0,1172,goteo,52.75,18.46
926,8,2026-02-04,17325.0,473,gravedad,43.31,15.16
927,9,2026-02-04,2382.0,238,goteo,10.72,3.75
928,10,2026-02-04,34602.0,944,gravedad,86.5,30.27
929,1,2026-02-05,11756.0,1176,goteo,52.9,18.51
930,2,2026-02-05,22064.0,1204,aspersion,83.84,29.34
931,3,2026-02-05,8404.0,840,goteo,37.82,13.24
932,4,2026-02-05,4081.0,408,goteo,18.37,6.43
933,5,2026-02-05,8632.0,863,goteo,38.84,13.59
934,6,2026-02-05,6124.0,459,microaspersion,24.5,8.57
935,7,2026-02-05,11495.0,1149,goteo,51.73,18.11
936,8,2026-02-05,17587.0,480,gravedad,43.97,15.39
937,9,2026-02-05,2608.0,261,goteo,11.74,4.11
938,1,2026-02-06,11098.0,1110,goteo,49.94,17.48
939,2,2026-02-06,21912.0,1195,aspersion,83.27,29.14
940,3,2026-02-06,9562.0,956,goteo,43.03,15.06
941,4,2026-02-06,4237.0,424,goteo,19.06,6.67
942,5,2026-02-06,8413.0,841,goteo,37.86,13.25
943,7,2026-02-06,11771.0,1177,goteo,52.97,18.54
944,9,2026-02-06,2350.0,235,goteo,10.58,3.7
945,10,2026-02-06,37428.0,1021,gravedad,93.57,32.75
946,1,2026-02-07,11432.0,1143,goteo,51.44,18.0
947,3,2026-02-07,9670.0,967,goteo,43.51,15.23
948,4,2026-02-07,4050.0,405,goteo,18.23,6.38
949,5,2026-02-07,8756.0,876,goteo,39.4,13.79
950,6,2026-02-07,5444.0,408,microaspersion,21.77,7.62
951,7,2026-02-07,11643.0,1164,goteo,52.39,18.34
952,8,2026-02-07,18712.0,510,gravedad,46.78,16.37
953,9,2026-02-07,2491.0,249,goteo,11.21,3.92
954,1,2026-02-08,11484.0,1148,goteo,51.68,18.09
955,2,2026-02-08,22701.0,1238,aspersion,86.26,30.19
956,4,2026-02-08,4106.0,411,goteo,18.48,6.47
957,5,2026-02-08,8754.0,875,goteo,39.39,13.79
958,6,2026-02-08,5369.0,403,microaspersion,21.48,7.52
959,7,2026-02-08,11665.0,1167,goteo,52.49,18.37
960,8,2026-02-08,17983.0,490,gravedad,44.96,15.74
961,9,2026-02-08,2554.0,255,goteo,11.49,4.02
962,10,2026-02-08,35166.0,959,gravedad,87.92,30.77
963,1,2026-02-09,11494.0,1149,goteo,51.72,18.1
964,3,2026-02-09,9707.0,971,goteo,43.68,15.29
965,4,2026-02-09,4337.0,434,goteo,19.52,6.83
966,5,2026-02-09,9134.0,913,goteo,41.1,14.38
967,6,2026-02-09,5446.0,408,microaspersion,21.78,7.62
968,7,2026-02-09,12553.0,1255,goteo,56.49,19.77
969,8,2026-02-09,18629.0,508,gravedad,46.57,16.3
970,9,2026-02-09,2370.0,237,goteo,10.67,3.73
971,10,2026-02-09,34854.0,951,gravedad,87.13,30.5
972,2,2026-02-10,22038.0,1202,aspersion,83.75,29.31
973,3,2026-02-10,8872.0,887,goteo,39.92,13.97
974,4,2026-02-10,4433.0,443,goteo,19.95,6.98
975,5,2026-02-10,8979.0,898,goteo,40.41,14.14
976,6,2026-02-10,5664.0,425,microaspersion,22.66,7.93
977,7,2026-02-10,11361.0,1136,goteo,51.13,17.9
978,9,2026-02-10,2271.0,227,goteo,10.22,3.58
979,1,2026-02-11,11099.0,1110,goteo,49.94,17.48
980,2,2026-02-11,21369.0,1166,aspersion,81.2,28.42
981,3,2026-02-11,9182.0,918,goteo,41.32,14.46
982,4,2026-02-11,4208.0,421,goteo,18.93,6.63
983,5,2026-02-11,9001.0,900,goteo,40.51,14.18
984,7,2026-02-11,12223.0,1222,goteo,55.0,19.25
985,8,2026-02-11,19631.0,535,gravedad,49.08,17.18
986,9,2026-02-11,2495.0,249,goteo,11.23,3.93
987,10,2026-02-11,32610.0,889,gravedad,81.52,28.53
988,1,2026-02-12,11744.0,1174,goteo,52.85,18.5
989,4,2026-02-12,4320.0,432,goteo,19.44,6.8
990,5,2026-02-12,9540.0,954,goteo,42.93,15.03
991,6,2026-02-12,5942.0,446,microaspersion,23.77,8.32
992,7,2026-02-12,11060.0,1106,goteo,49.77,17.42
993,8,2026-02-12,18103.0,494,gravedad,45.26,15.84
994,9,2026-02-12,2551.0,255,goteo,11.48,4.02
995,1,2026-02-13,11226.0,1123,goteo,50.52,17.68
996,2,2026-02-13,20208.0,1102,aspersion,76.79,26.88
997,3,2026-02-13,9520.0,952,goteo,42.84,14.99
998,4,2026-02-13,3970.0,397,goteo,17.87,6.25
999,5,2026-02-13,9109.0,911,goteo,40.99,14.35
1000,7,2026-02-13,11393.0,1139,goteo,51.27,17.94
1001,8,2026-02-13,20185.0,550,gravedad,50.46,17.66
1002,9,2026-02-13,2627.0,263,goteo,11.82,4.14
1003,10,2026-02-13,36083.0,984,gravedad,90.21,31.57
1004,1,2026-02-14,11434.0,1143,goteo,51.45,18.01
1005,3,2026-02-14,9039.0,904,goteo,40.67,14.23
1006,4,2026-02-14,4037.0,404,goteo,18.17,6.36
1007,5,2026-02-14,9676.0,968,goteo,43.54,15.24
1008,6,2026-02-14,6023.0,452,microaspersion,24.09,8.43
1009,7,2026-02-14,12359.0,1236,goteo,55.61,19.46
1010,9,2026-02-14,2388.0,239,goteo,10.74,3.76
1011,1,2026-02-15,11291.0,1129,goteo,50.81,17.78
1012,2,2026-02-15,21736.0,1186,aspersion,82.6,28.91
1013,3,2026-02-15,9137.0,914,goteo,41.12,14.39
1014,4,2026-02-15,4220.0,422,goteo,18.99,6.65
1015,5,2026-02-15,8592.0,859,goteo,38.66,13.53
1016,6,2026-02-15,5469.0,410,microaspersion,21.88,7.66
1017,7,2026-02-15,11241.0,1124,goteo,50.58,17.7
1018,8,2026-02-15,20321.0,554,gravedad,50.8,17.78
1019,9,2026-02-15,2436.0,244,goteo,10.96,3.84
1020,10,2026-02-15,35154.0,959,gravedad,87.89,30.76
1021,2,2026-02-16,20204.0,1102,aspersion,76.78,26.87
1022,3,2026-02-16,9317.0,932,goteo,41.93,14.68
1023,4,2026-02-16,4066.0,407,goteo,18.3,6.41
1024,5,2026-02-16,8166.0,817,goteo,36.75,12.86
1025,7,2026-02-16,11566.0,1157,goteo,52.05,18.22
1026,8,2026-02-16,18012.0,491,gravedad,45.03,15.76
1027,9,2026-02-16,2427.0,243,goteo,10.92,3.82
1028,1,2026-02-17,12237.0,1224,goteo,55.07,19.27
1029,2,2026-02-17,22690.0,1238,aspersion,86.22,30.18
1030,3,2026-02-17,9488.0,949,goteo,42.69,14.94
1031,4,2026-02-17,4413.0,441,goteo,19.86,6.95
1032,5,2026-02-17,9542.0,954,goteo,42.94,15.03
1033,6,2026-02-17,6043.0,453,microaspersion,24.17,8.46
1034,7,2026-02-17,12190.0,1219,goteo,54.85,19.2
1035,9,2026-02-17,2571.0,257,goteo,11.57,4.05
1036,10,2026-02-17,37382.0,1020,gravedad,93.46,32.71
1037,1,2026-02-18,10409.0,1041,goteo,46.84,16.39
1038,4,2026-02-18,4367.0,437,goteo,19.65,6.88
1039,5,2026-02-18,9139.0,914,goteo,41.12,14.39
1040,7,2026-02-18,10699.0,1070,goteo,48.15,16.85
1041,8,2026-02-18,19319.0,527,gravedad,48.3,16.9
1042,9,2026-02-18,2430.0,243,goteo,10.94,3.83
1043,1,2026-02-20,11174.0,1117,goteo,50.28,17.6
1044,2,2026-02-20,20322.0,1108,aspersion,77.22,27.03
1045,3,2026-02-20,8475.0,847,goteo,38.14,13.35
1046,4,2026-02-20,4094.0,409,goteo,18.42,6.45
1047,5,2026-02-20,8681.0,868,goteo,39.07,13.67
1048,6,2026-02-20,5422.0,407,microaspersion,21.69,7.59
1049,7,2026-02-20,11707.0,1171,goteo,52.68,18.44
1050,8,2026-02-20,17596.0,480,gravedad,43.99,15.4
1051,9,2026-02-20,2619.0,262,goteo,11.79,4.13
1052,10,2026-02-20,34443.0,939,gravedad,86.11,30.14
1053,1,2026-02-21,11202.0,1120,goteo,50.41,17.64
1054,3,2026-02-21,9938.0,994,goteo,44.72,15.65
1055,4,2026-02-21,4481.0,448,goteo,20.16,7.06
1056,5,2026-02-21,9120.0,912,goteo,41.04,14.36
1057,6,2026-02-21,5724.0,429,microaspersion,22.9,8.01
1058,7,2026-02-21,12752.0,1275,goteo,57.38,20.08
1059,8,2026-02-21,17642.0,481,gravedad,44.11,15.44
1060,9,2026-02-21,2537.0,254,goteo,11.42,4.0
1061,10,2026-02-21,37044.0,1010,gravedad,92.61,32.41
1062,1,2026-02-22,10850.0,1085,goteo,48.83,17.09
1063,2,2026-02-22,20987.0,1145,aspersion,79.75,27.91
1064,3,2026-02-22,8945.0,895,goteo,40.25,14.09
1065,4,2026-02-22,3859.0,386,goteo,17.37,6.08
1066,5,2026-02-22,9422.0,942,goteo,42.4,14.84
1067,7,2026-02-22,11407.0,1141,goteo,51.33,17.97
1068,8,2026-02-22,19273.0,526,gravedad,48.18,16.86
1069,9,2026-02-22,2347.0,235,goteo,10.56,3.7
1070,1,2026-02-23,11372.0,1137,goteo,51.18,17.91
1071,2,2026-02-23,21875.0,1193,aspersion,83.12,29.09
1072,3,2026-02-23,9517.0,952,goteo,42.82,14.99
1073,4,2026-02-23,4222.0,422,goteo,19.0,6.65
1074,5,2026-02-23,9483.0,948,goteo,42.67,14.93
1075,6,2026-02-23,5760.0,432,microaspersion,23.04,8.06
1076,7,2026-02-23,11890.0,1189,goteo,53.51,18.73
1077,8,2026-02-23,18276.0,498,gravedad,45.69,15.99
1078,9,2026-02-23,2733.0,273,goteo,12.3,4.3
1079,10,2026-02-23,37527.0,1023,gravedad,93.82,32.84
1080,1,2026-02-24,10857.0,1086,goteo,48.86,17.1
1081,4,2026-02-24,4159.0,416,goteo,18.72,6.55
1082,5,2026-02-24,9148.0,915,goteo,41.16,14.41
1083,6,2026-02-24,5151.0,386,microaspersion,20.61,7.21
1084,7,2026-02-24,11025.0,1103,goteo,49.61,17.36
1085,9,2026-02-24,2557.0,256,goteo,11.51,4.03
1086,1,2026-02-25,10677.0,1068,goteo,48.05,16.82
1087,2,2026-02-25,19981.0,1090,aspersion,75.93,26.58
1088,3,2026-02-25,9256.0,926,goteo,41.65,14.58
1089,4,2026-02-25,3931.0,393,goteo,17.69,6.19
1090,5,2026-02-25,8882.0,888,goteo,39.97,13.99
1091,7,2026-02-25,11879.0,1188,goteo,53.45,18.71
1092,8,2026-02-25,17436.0,476,gravedad,43.59,15.26
1093,9,2026-02-25,2459.0,246,goteo,11.07,3.87
1094,10,2026-02-25,31009.0,846,gravedad,77.52,27.13
1095,1,2026-02-27,10257.0,1026,goteo,46.16,16.16
1096,2,2026-02-27,20030.0,1093,aspersion,76.12,26.64
1097,3,2026-02-27,8545.0,855,goteo,38.45,13.46
1098,4,2026-02-27,4243.0,424,goteo,19.09,6.68
1099,5,2026-02-27,9359.0,936,goteo,42.11,14.74
1100,6,2026-02-27,5269.0,395,microaspersion,21.08,7.38
1101,7,2026-02-27,11582.0,1158,goteo,52.12,18.24
1102,8,2026-02-27,18520.0,505,gravedad,46.3,16.2
1103,9,2026-02-27,2498.0,250,goteo,11.24,3.93
1104,10,2026-02-27,34736.0,947,gravedad,86.84,30.39
1105,1,2026-02-28,11745.0,1174,goteo,52.85,18.5
1106,2,2026-02-28,20785.0,1134,aspersion,78.98,27.64
1107,3,2026-02-28,9606.0,961,goteo,43.23,15.13
1108,4,2026-02-28,4379.0,438,goteo,19.7,6.89
1109,5,2026-02-28,9061.0,906,goteo,40.78,14.27
1110,6,2026-02-28,5590.0,419,microaspersion,22.36,7.83
1111,7,2026-02-28,11164.0,1116,goteo,50.24,17.58
1112,8,2026-02-28,18548.0,506,gravedad,46.37,16.23
1113,9,2026-02-28,2562.0,256,goteo,11.53,4.04
1114,10,2026-02-28,34948.0,953,gravedad,87.37,30.58
1115,1,2026-03-01,11124.0,1112,goteo,50.06,17.52
1116,2,2026-03-01,20428.0,1114,aspersion,77.63,27.17
1117,3,2026-03-01,8525.0,852,goteo,38.36,13.43
1118,4,2026-03-01,4287.0,429,goteo,19.29,6.75
1119,5,2026-03-01,8688.0,869,goteo,39.1,13.69
1120,6,2026-03-01,5864.0,440,microaspersion,23.46,8.21
1121,7,2026-03-01,10880.0,1088,goteo,48.96,17.14
1122,8,2026-03-01,17895.0,488,gravedad,44.74,15.66
1123,9,2026-03-01,2652.0,265,goteo,11.93,4.18
1124,1,2026-03-02,11470.0,1147,goteo,51.61,18.06
1125,2,2026-03-02,21231.0,1158,aspersion,80.68,28.24
1126,4,2026-03-02,3931.0,393,goteo,17.69,6.19
1127,5,2026-03-02,8579.0,858,goteo,38.61,13.51
1128,6,2026-03-02,5828.0,437,microaspersion,23.31,8.16
1129,7,2026-03-02,12272.0,1227,goteo,55.22,19.33
1130,8,2026-03-02,18314.0,499,gravedad,45.79,16.03
1131,9,2026-03-02,2575.0,258,goteo,11.59,4.06
1132,10,2026-03-02,36654.0,1000,gravedad,91.63,32.07
1133,1,2026-03-03,10451.0,1045,goteo,47.03,16.46
1134,2,2026-03-03,19944.0,1088,aspersion,75.79,26.53
1135,3,2026-03-03,10260.0,1026,goteo,46.17,16.16
1136,4,2026-03-03,4156.0,416,goteo,18.7,6.54
1137,5,2026-03-03,8859.0,886,goteo,39.87,13.95
1138,7,2026-03-03,11194.0,1119,goteo,50.37,17.63
1139,8,2026-03-03,20015.0,546,gravedad,50.04,17.51
1140,9,2026-03-03,2170.0,217,goteo,9.77,3.42
1141,1,2026-03-04,11594.0,1159,goteo,52.17,18.26
1142,3,2026-03-04,8814.0,881,goteo,39.66,13.88
1143,4,2026-03-04,4656.0,466,goteo,20.95,7.33
1144,5,2026-03-04,8890.0,889,goteo,40.0,14.0
1145,6,2026-03-04,5388.0,404,microaspersion,21.55,7.54
1146,7,2026-03-04,11260.0,1126,goteo,50.67,17.73
1147,8,2026-03-04,18865.0,514,gravedad,47.16,16.51
1148,9,2026-03-04,2678.0,268,goteo,12.05,4.22
1149,10,2026-03-04,35620.0,971,gravedad,89.05,31.17
1150,1,2026-03-05,10266.0,1027,goteo,46.2,16.17
1151,2,2026-03-05,20859.0,1138,aspersion,79.26,27.74
1152,3,2026-03-05,9304.0,930,goteo,41.87,14.65
1153,4,2026-03-05,4367.0,437,goteo,19.65,6.88
1154,5,2026-03-05,8907.0,891,goteo,40.08,14.03
1155,6,2026-03-05,5199.0,390,microaspersion,20.8,7.28
1156,7,2026-03-05,11488.0,1149,goteo,51.7,18.09
1157,9,2026-03-05,2253.0,225,goteo,10.14,3.55
1158,10,2026-03-05,34688.0,946,gravedad,86.72,30.35
1159,1,2026-03-06,12376.0,1238,goteo,55.69,19.49
1160,2,2026-03-06,20674.0,1128,aspersion,78.56,27.5
1161,3,2026-03-06,9254.0,925,goteo,41.64,14.57
1162,4,2026-03-06,4010.0,401,goteo,18.04,6.31
1163,5,2026-03-06,8541.0,854,goteo,38.43,13.45
1164,7,2026-03-06,11337.0,1134,goteo,51.02,17.86
1165,8,2026-03-06,18509.0,505,gravedad,46.27,16.19
1166,9,2026-03-06,2424.0,242,goteo,10.91,3.82
1167,1,2026-03-07,12386.0,1239,goteo,55.74,19.51
1168,3,2026-03-07,9750.0,975,goteo,43.87,15.35
1169,4,2026-03-07,4106.0,411,goteo,18.48,6.47
1170,5,2026-03-07,8451.0,845,goteo,38.03,13.31
1171,6,2026-03-07,5977.0,448,microaspersion,23.91,8.37
1172,7,2026-03-07,11403.0,1140,goteo,51.31,17.96
1173,8,2026-03-07,18848.0,514,gravedad,47.12,16.49
1174,9,2026-03-07,2355.0,236,goteo,10.6,3.71
1175,10,2026-03-07,35701.0,974,gravedad,89.25,31.24
1176,1,2026-03-08,11678.0,1168,goteo,52.55,18.39
1177,2,2026-03-08,22667.0,1236,aspersion,86.14,30.15
1178,3,2026-03-08,9632.0,963,goteo,43.34,15.17
1179,4,2026-03-08,4388.0,439,goteo,19.75,6.91
1180,5,2026-03-08,8916.0,892,goteo,40.12,14.04
1181,6,2026-03-08,6061.0,455,microaspersion,24.24,8.48
1182,7,2026-03-08,11813.0,1181,goteo,53.16,18.61
1183,8,2026-03-08,18043.0,492,gravedad,45.11,15.79
1184,9,2026-03-08,2640.0,264,goteo,11.88,4.16
1185,1,2026-03-09,10730.0,1073,goteo,48.29,16.9
1186,2,2026-03-09,19166.0,1045,aspersion,72.83,25.49
1187,4,2026-03-09,4366.0,437,goteo,19.65,6.88
1188,5,2026-03-09,8461.0,846,goteo,38.08,13.33
1189,7,2026-03-09,12174.0,1217,goteo,54.78,19.17
1190,8,2026-03-09,18831.0,514,gravedad,47.08,16.48
1191,9,2026-03-09,2721.0,272,goteo,12.25,4.29
1192,10,2026-03-09,34628.0,944,gravedad,86.57,30.3
1193,1,2026-03-10,10600.0,1060,goteo,47.7,16.7
1194,3,2026-03-10,9829.0,983,goteo,44.23,15.48
1195,4,2026-03-10,4302.0,430,goteo,19.36,6.78
1196,5,2026-03-10,9493.0,949,goteo,42.72,14.95
1197,6,2026-03-10,5926.0,444,microaspersion,23.71,8.3
1198,7,2026-03-10,11703.0,1170,goteo,52.66,18.43
1199,9,2026-03-10,2396.0,240,goteo,10.78,3.77
1200,10,2026-03-10,33184.0,905,gravedad,82.96,29.04
1201,1,2026-03-11,10635.0,1063,goteo,47.86,16.75
1202,2,2026-03-11,21949.0,1197,aspersion,83.41,29.19
1203,3,2026-03-11,9345.0,934,goteo,42.05,14.72
1204,4,2026-03-11,3972.0,397,goteo,17.87,6.25
1205,5,2026-03-11,9190.0,919,goteo,41.36,14.48
1206,7,2026-03-11,12414.0,1241,goteo,55.86,19.55
1207,8,2026-03-11,17356.0,473,gravedad,43.39,15.19
1208,9,2026-03-11,2389.0,239,goteo,10.75,3.76
1209,1,2026-03-12,12157.0,1216,goteo,54.71,19.15
1210,2,2026-03-12,20259.0,1105,aspersion,76.98,26.94
1211,3,2026-03-12,9647.0,965,goteo,43.41,15.19
1212,4,2026-03-12,4377.0,438,goteo,19.7,6.89
1213,5,2026-03-12,8957.0,896,goteo,40.31,14.11
1214,6,2026-03-12,6275.0,471,microaspersion,25.1,8.79
1215,8,2026-03-12,18544.0,506,gravedad,46.36,16.23
1216,9,2026-03-12,2541.0,254,goteo,11.44,4.0
1217,10,2026-03-12,31818.0,868,gravedad,79.55,27.84
1218,1,2026-03-13,11063.0,1106,goteo,49.78,17.42
1219,3,2026-03-13,8866.0,887,goteo,39.9,13.96
1220,4,2026-03-13,4135.0,413,goteo,18.61,6.51
1221,5,2026-03-13,8561.0,856,goteo,38.52,13.48
1222,6,2026-03-13,5948.0,446,microaspersion,23.79,8.33
1223,7,2026-03-13,11760.0,1176,goteo,52.92,18.52
1224,8,2026-03-13,18713.0,510,gravedad,46.78,16.37
1225,9,2026-03-13,2555.0,256,goteo,11.5,4.02
1226,10,2026-03-13,34432.0,939,gravedad,86.08,30.13
1227,1,2026-03-14,11783.0,1178,goteo,53.02,18.56
1228,2,2026-03-14,21381.0,1166,aspersion,81.25,28.44
1229,3,2026-03-14,9364.0,936,goteo,42.14,14.75
1230,4,2026-03-14,3922.0,392,goteo,17.65,6.18
1231,5,2026-03-14,8923.0,892,goteo,40.15,14.05
1232,7,2026-03-14,11409.0,1141,goteo,51.34,17.97
1233,8,2026-03-14,19513.0,532,gravedad,48.78,17.07
1234,9,2026-03-14,2631.0,263,goteo,11.84,4.14
1235,1,2026-03-15,10991.0,1099,goteo,49.46,17.31
1236,2,2026-03-15,20866.0,1138,aspersion,79.29,27.75
1237,3,2026-03-15,9028.0,903,goteo,40.63,14.22
1238,4,2026-03-15,4247.0,425,goteo,19.11,6.69
1239,5,2026-03-15,8669.0,867,goteo,39.01,13.65
1240,6,2026-03-15,5882.0,441,microaspersion,23.53,8.24
1241,7,2026-03-15,11254.0,1125,goteo,50.64,17.72
1242,8,2026-03-15,20310.0,554,gravedad,50.78,17.77
1243,9,2026-03-15,2606.0,261,goteo,11.73,4.11
1244,10,2026-03-15,34318.0,936,gravedad,85.79,30.03
1245,1,2026-03-16,10926.0,1093,goteo,49.17,17.21
1246,4,2026-03-16,4496.0,450,goteo,20.23,7.08
1247,5,2026-03-16,8395.0,840,goteo,37.78,13.22
1248,6,2026-03-16,5625.0,422,microaspersion,22.5,7.87
1249,7,2026-03-16,11960.0,1196,goteo,53.82,18.84
1250,9,2026-03-16,2512.0,251,goteo,11.3,3.96
1251,10,2026-03-16,37437.0,1021,gravedad,93.59,32.76
1252,1,2026-03-17,11640.0,1164,goteo,52.38,18.33
1253,2,2026-03-17,20114.0,1097,aspersion,76.43,26.75
1254,3,2026-03-17,9884.0,988,goteo,44.48,15.57
1255,4,2026-03-17,4466.0,447,goteo,20.1,7.04
1256,5,2026-03-17,8811.0,881,goteo,39.65,13.88
1257,7,2026-03-17,12035.0,1204,goteo,54.16,18.96
1258,8,2026-03-17,18687.0,510,gravedad,46.72,16.35
1259,9,2026-03-17,2344.0,234,goteo,10.55,3.69
1260,1,2026-03-18,11550.0,1155,goteo,51.98,18.19
1261,2,2026-03-18,21517.0,1174,aspersion,81.76,28.62
1262,3,2026-03-18,9709.0,971,goteo,43.69,15.29
1263,4,2026-03-18,4599.0,460,goteo,20.7,7.24
1264,5,2026-03-18,8562.0,856,goteo,38.53,13.49
1265,6,2026-03-18,5242.0,393,microaspersion,20.97,7.34
1266,7,2026-03-18,11775.0,1178,goteo,52.99,18.55
1267,8,2026-03-18,18499.0,505,gravedad,46.25,16.19
1268,9,2026-03-18,2705.0,270,goteo,12.17,4.26
1269,10,2026-03-18,34856.0,951,gravedad,87.14,30.5
1270,1,2026-03-19,12491.0,1249,goteo,56.21,19.67
1271,3,2026-03-19,9246.0,925,goteo,41.61,14.56
1272,4,2026-03-19,4538.0,454,goteo,20.42,7.15
1273,5,2026-03-19,8940.0,894,goteo,40.23,14.08
1274,6,2026-03-19,5712.0,428,microaspersion,22.85,8.0
1275,7,2026-03-19,11491.0,1149,goteo,51.71,18.1
1276,8,2026-03-19,18746.0,511,gravedad,46.86,16.4
1277,9,2026-03-19,2430.0,243,goteo,10.94,3.83
1278,1,2026-03-20,10284.0,1028,goteo,46.28,16.2
1279,2,2026-03-20,20419.0,1114,aspersion,77.59,27.16
1280,3,2026-03-20,9711.0,971,goteo,43.7,15.29
1281,4,2026-03-20,4400.0,440,goteo,19.8,6.93
1282,5,2026-03-20,9128.0,913,goteo,41.08,14.38
1283,7,2026-03-20,12235.0,1223,goteo,55.06,19.27
1284,8,2026-03-20,16997.0,464,gravedad,42.49,14.87
1285,9,2026-03-20,2382.0,238,goteo,10.72,3.75
1286,10,2026-03-20,38264.0,1044,gravedad,95.66,33.48
1287,1,2026-03-21,11357.0,1136,goteo,51.11,17.89
1288,2,2026-03-21,21453.0,1170,aspersion,81.52,28.53
1289,4,2026-03-21,4398.0,440,goteo,19.79,6.93
1290,5,2026-03-21,9006.0,901,goteo,40.53,14.19
1291,6,2026-03-21,5693.0,427,microaspersion,22.77,7.97
1292,7,2026-03-21,12042.0,1204,goteo,54.19,18.97
1293,8,2026-03-21,18777.0,512,gravedad,46.94,16.43
1294,9,2026-03-21,2524.0,252,goteo,11.36,3.98
1295,1,2026-03-22,11411.0,1141,goteo,51.35,17.97
1296,3,2026-03-22,8643.0,864,goteo,38.9,13.61
1297,4,2026-03-22,4117.0,412,goteo,18.53,6.49
1298,5,2026-03-22,8874.0,887,goteo,39.93,13.98
1299,6,2026-03-22,5850.0,439,microaspersion,23.4,8.19
1300,7,2026-03-22,12565.0,1257,goteo,56.54,19.79
1301,8,2026-03-22,18313.0,499,gravedad,45.78,16.02
1302,9,2026-03-22,2366.0,237,goteo,10.65,3.73
1303,10,2026-03-22,35165.0,959,gravedad,87.91,30.77
1304,1,2026-03-23,11765.0,1176,goteo,52.94,18.53
1305,2,2026-03-23,21503.0,1173,aspersion,81.71,28.6
1306,3,2026-03-23,9767.0,977,goteo,43.95,15.38
1307,4,2026-03-23,4414.0,441,goteo,19.86,6.95
1308,5,2026-03-23,8736.0,874,goteo,39.31,13.76
1309,6,2026-03-23,5606.0,420,microaspersion,22.42,7.85
1310,7,2026-03-23,11843.0,1184,goteo,53.29,18.65
1311,8,2026-03-23,19483.0,531,gravedad,48.71,17.05
1312,9,2026-03-23,2480.0,248,goteo,11.16,3.91
1313,10,2026-03-23,37557.0,1024,gravedad,93.89,32.86
1314,1,2026-03-24,10500.0,1050,goteo,47.25,16.54
1315,2,2026-03-24,22251.0,1214,aspersion,84.55,29.59
1316,3,2026-03-24,9483.0,948,goteo,42.67,14.93
1317,4,2026-03-24,4296.0,430,goteo,19.33,6.77
1318,5,2026-03-24,9552.0,955,goteo,42.98,15.04
1319,7,2026-03-24,11376.0,1138,goteo,51.19,17.92
1320,9,2026-03-24,2547.0,255,goteo,11.46,4.01
1321,1,2026-03-25,10413.0,1041,goteo,46.86,16.4
1322,3,2026-03-25,8890.0,889,goteo,40.01,14.0
1323,4,2026-03-25,3898.0,390,goteo,17.54,6.14
1324,5,2026-03-25,9118.0,912,goteo,41.03,14.36
1325,6,2026-03-25,6124.0,459,microaspersion,24.5,8.57
1326,7,2026-03-25,12198.0,1220,goteo,54.89,19.21
1327,8,2026-03-25,17373.0,474,gravedad,43.43,15.2
1328,9,2026-03-25,2238.0,224,goteo,10.07,3.52
1329,10,2026-03-25,37058.0,1011,gravedad,92.65,32.43
1330,1,2026-03-26,11982.0,1198,goteo,53.92,18.87
1331,2,2026-03-26,23973.0,1308,aspersion,91.1,31.88
1332,3,2026-03-26,9286.0,929,goteo,41.79,14.63
1333,4,2026-03-26,4174.0,417,goteo,18.78,6.57
1334,5,2026-03-26,8901.0,890,goteo,40.06,14.02
1335,6,2026-03-26,5780.0,433,microaspersion,23.12,8.09
1336,7,2026-03-26,11668.0,1167,goteo,52.51,18.38
1337,8,2026-03-26,18560.0,506,gravedad,46.4,16.24
1338,9,2026-03-26,2354.0,235,goteo,10.59,3.71
1339,1,2026-03-27,10705.0,1070,goteo,48.17,16.86
1340,3,2026-03-27,8693.0,869,goteo,39.12,13.69
1341,4,2026-03-27,4404.0,440,goteo,19.82,6.94
1342,5,2026-03-27,9037.0,904,goteo,40.67,14.23
1343,7,2026-03-27,12458.0,1246,goteo,56.06,19.62
1344,8,2026-03-27,19848.0,541,gravedad,49.62,17.37
1345,9,2026-03-27,2872.0,287,goteo,12.93,4.53
1346,10,2026-03-27,37216.0,1015,gravedad,93.04,32.56
1347,1,2026-03-28,11147.0,1115,goteo,50.16,17.56
1348,2,2026-03-28,20521.0,1119,aspersion,77.98,27.29
1349,4,2026-03-28,4078.0,408,goteo,18.35,6.42
1350,5,2026-03-28,8330.0,833,goteo,37.48,13.12
1351,6,2026-03-28,5752.0,431,microaspersion,23.01,8.05
1352,7,2026-03-28,11905.0,1190,goteo,53.57,18.75
1353,9,2026-03-28,2399.0,240,goteo,10.79,3.78
1354,1,2026-03-29,11130.0,1113,goteo,50.09,17.53
1355,2,2026-03-29,22158.0,1209,aspersion,84.2,29.47
1356,3,2026-03-29,8706.0,871,goteo,39.18,13.71
1357,4,2026-03-29,4426.0,443,goteo,19.92,6.97
1358,5,2026-03-29,9165.0,916,goteo,41.24,14.43
1359,7,2026-03-29,11238.0,1124,goteo,50.57,17.7
1360,8,2026-03-29,17924.0,489,gravedad,44.81,15.68
1361,9,2026-03-29,2522.0,252,goteo,11.35,3.97
1362,10,2026-03-29,33552.0,915,gravedad,83.88,29.36
1363,1,2026-03-30,11030.0,1103,goteo,49.63,17.37
1364,3,2026-03-30,9281.0,928,goteo,41.77,14.62
1365,4,2026-03-30,4157.0,416,goteo,18.71,6.55
1366,5,2026-03-30,9418.0,942,goteo,42.38,14.83
1367,6,2026-03-30,5358.0,402,microaspersion,21.43,7.5
1368,7,2026-03-30,10925.0,1092,goteo,49.16,17.21
1369,8,2026-03-30,18743.0,511,gravedad,46.86,16.4
1370,9,2026-03-30,2459.0,246,goteo,11.07,3.87
1371,10,2026-03-30,31404.0,856,gravedad,78.51,27.48
1372,1,2026-03-31,12712.0,1271,goteo,57.2,20.02
1373,2,2026-03-31,22191.0,1210,aspersion,84.33,29.52
1374,3,2026-03-31,9593.0,959,goteo,43.17,15.11
1375,4,2026-03-31,4148.0,415,goteo,18.67,6.53
1376,5,2026-03-31,8867.0,887,goteo,39.9,13.96
1377,6,2026-03-31,5767.0,433,microaspersion,23.07,8.07
1378,7,2026-03-31,11760.0,1176,goteo,52.92,18.52
1379,8,2026-03-31,17906.0,488,gravedad,44.77,15.67
1380,9,2026-03-31,2451.0,245,goteo,11.03,3.86
1381,1,2026-04-01,11802.0,1180,goteo,53.11,18.59
1382,2,2026-04-01,21006.0,1146,aspersion,79.82,27.94
1383,3,2026-04-01,9489.0,949,goteo,42.7,14.95
1384,4,2026-04-01,3939.0,394,goteo,17.73,6.21
1385,5,2026-04-01,8543.0,854,goteo,38.44,13.45
1386,6,2026-04-01,5524.0,414,microaspersion,22.1,7.74
1387,7,2026-04-01,11226.0,1123,goteo,50.52,17.68
1388,8,2026-04-01,18347.0,500,gravedad,45.87,16.05
1389,9,2026-04-01,2520.0,252,goteo,11.34,3.97
1390,10,2026-04-01,33503.0,914,gravedad,83.76,29.32
1391,1,2026-04-02,11512.0,1151,goteo,51.8,18.13
1392,2,2026-04-02,22489.0,1227,aspersion,85.46,29.91
1393,3,2026-04-02,9412.0,941,goteo,42.36,14.83
1394,4,2026-04-02,3674.0,367,goteo,16.53,5.79
1395,5,2026-04-02,9182.0,918,goteo,41.32,14.46
1396,7,2026-04-02,10811.0,1081,goteo,48.65,17.03
1397,8,2026-04-02,18930.0,516,gravedad,47.33,16.57
1398,9,2026-04-02,2543.0,254,goteo,11.44,4.0
1399,10,2026-04-02,35383.0,965,gravedad,88.46,30.96
1400,1,2026-04-03,11526.0,1153,goteo,51.87,18.15
1401,3,2026-04-03,8846.0,885,goteo,39.81,13.93
1402,4,2026-04-03,4120.0,412,goteo,18.54,6.49
1403,5,2026-04-03,8855.0,885,goteo,39.85,13.95
1404,6,2026-04-03,5784.0,434,microaspersion,23.14,8.1
1405,7,2026-04-03,11264.0,1126,goteo,50.69,17.74
1406,9,2026-04-03,2431.0,243,goteo,10.94,3.83
1407,1,2026-04-04,11680.0,1168,goteo,52.56,18.4
1408,2,2026-04-04,20166.0,1100,aspersion,76.63,26.82
1409,3,2026-04-04,9688.0,969,goteo,43.6,15.26
1410,4,2026-04-04,4428.0,443,goteo,19.93,6.98
1411,5,2026-04-04,8636.0,864,goteo,38.86,13.6
1412,7,2026-04-04,10764.0,1076,goteo,48.44,16.95
1413,8,2026-04-04,18577.0,507,gravedad,46.44,16.25
1414,9,2026-04-04,2271.0,227,goteo,10.22,3.58
1415,10,2026-04-04,35356.0,964,gravedad,88.39,30.94
1416,1,2026-04-05,10939.0,1094,goteo,49.23,17.23
1417,2,2026-04-05,22415.0,1223,aspersion,85.18,29.81
1418,3,2026-04-05,10207.0,1021,goteo,45.93,16.08
1419,4,2026-04-05,3854.0,385,goteo,17.34,6.07
1420,5,2026-04-05,8694.0,869,goteo,39.12,13.69
1421,6,2026-04-05,5958.0,447,microaspersion,23.83,8.34
1422,7,2026-04-05,11365.0,1137,goteo,51.14,17.9
1423,8,2026-04-05,19384.0,529,gravedad,48.46,16.96
1424,9,2026-04-05,2449.0,245,goteo,11.02,3.86
1425,1,2026-04-06,11311.0,1131,goteo,50.9,17.81
1426,2,2026-04-06,21374.0,1166,aspersion,81.22,28.43
1427,4,2026-04-06,4491.0,449,goteo,20.21,7.07
1428,5,2026-04-06,9461.0,946,goteo,42.57,14.9
1429,7,2026-04-06,11655.0,1165,goteo,52.45,18.36
1430,8,2026-04-06,18564.0,506,gravedad,46.41,16.24
1431,9,2026-04-06,2438.0,244,goteo,10.97,3.84
1432,10,2026-04-06,37304.0,1017,gravedad,93.26,32.64
1433,1,2026-04-07,11092.0,1109,goteo,49.91,17.47
1434,3,2026-04-07,9333.0,933,goteo,42.0,14.7
1435,4,2026-04-07,4203.0,420,goteo,18.91,6.62
1436,5,2026-04-07,9328.0,933,goteo,41.98,14.69
1437,6,2026-04-07,5058.0,379,microaspersion,20.23,7.08
1438,7,2026-04-07,11748.0,1175,goteo,52.87,18.5
1439,8,2026-04-07,18784.0,512,gravedad,46.96,16.44
1440,9,2026-04-07,2319.0,232,goteo,10.44,3.65
1441,1,2026-04-08,11221.0,1122,goteo,50.5,17.67
1442,2,2026-04-08,21267.0,1160,aspersion,80.81,28.28
1443,3,2026-04-08,9774.0,977,goteo,43.98,15.39
1444,4,2026-04-08,4114.0,411,goteo,18.51,6.48
1445,5,2026-04-08,8439.0,844,goteo,37.98,13.29
1446,6,2026-04-08,5862.0,440,microaspersion,23.45,8.21
1447,7,2026-04-08,12241.0,1224,goteo,55.09,19.28
1448,9,2026-04-08,2349.0,235,goteo,10.57,3.7
1449,10,2026-04-08,35184.0,960,gravedad,87.96,30.79
1450,1,2026-04-09,12390.0,1239,goteo,55.76,19.52
1451,2,2026-04-09,21827.0,1191,aspersion,82.94,29.03
1452,3,2026-04-09,9700.0,970,goteo,43.65,15.28
1453,4,2026-04-09,4052.0,405,goteo,18.23,6.38
1454,5,2026-04-09,8774.0,877,goteo,39.48,13.82
1455,6,2026-04-09,5571.0,418,microaspersion,22.28,7.8
1456,7,2026-04-09,11437.0,1144,goteo,51.46,18.01
1457,8,2026-04-09,19110.0,521,gravedad,47.78,16.72
1458,9,2026-04-09,2279.0,228,goteo,10.25,3.59
1459,1,2026-04-10,11015.0,1101,goteo,49.57,17.35
1460,2,2026-04-10,20175.0,1100,aspersion,76.66,26.83
1461,3,2026-04-10,8774.0,877,goteo,39.48,13.82
1462,4,2026-04-10,4553.0,455,goteo,20.49,7.17
1463,5,2026-04-10,8605.0,861,goteo,38.72,13.55
1464,6,2026-04-10,5356.0,402,microaspersion,21.42,7.5
1465,7,2026-04-10,10953.0,1095,goteo,49.29,17.25
1466,8,2026-04-10,18565.0,506,gravedad,46.41,16.24
1467,9,2026-04-10,2510.0,251,goteo,11.29,3.95
1468,10,2026-04-10,35710.0,974,gravedad,89.27,31.24
1469,1,2026-04-11,10614.0,1061,goteo,47.76,16.72
1470,2,2026-04-11,19229.0,1049,aspersion,73.07,25.57
1471,3,2026-04-11,10211.0,1021,goteo,45.95,16.08
1472,4,2026-04-11,4486.0,449,goteo,20.19,7.07
1473,5,2026-04-11,9123.0,912,goteo,41.05,14.37
1474,7,2026-04-11,11946.0,1195,goteo,53.76,18.82
1475,8,2026-04-11,17784.0,485,gravedad,44.46,15.56
1476,9,2026-04-11,2379.0,238,goteo,10.71,3.75
1477,10,2026-04-11,33832.0,923,gravedad,84.58,29.6
1478,1,2026-04-12,11655.0,1166,goteo,52.45,18.36
1479,2,2026-04-12,20138.0,1098,aspersion,76.52,26.78
1480,3,2026-04-12,9314.0,931,goteo,41.91,14.67
1481,4,2026-04-12,4085.0,409,goteo,18.38,6.43
1482,5,2026-04-12,8451.0,845,goteo,38.03,13.31
1483,6,2026-04-12,5685.0,426,microaspersion,22.74,7.96
1484,7,2026-04-12,11620.0,1162,goteo,52.29,18.3
1485,8,2026-04-12,19679.0,537,gravedad,49.2,17.22
1486,9,2026-04-12,2436.0,244,goteo,10.96,3.84
1487,10,2026-04-12,37326.0,1018,gravedad,93.32,32.66
1488,1,2026-04-13,12032.0,1203,goteo,54.14,18.95
1489,3,2026-04-13,9168.0,917,goteo,41.26,14.44
1490,4,2026-04-13,4564.0,456,goteo,20.54,7.19
1491,5,2026-04-13,8592.0,859,goteo,38.66,13.53
1492,6,2026-04-13,5643.0,423,microaspersion,22.57,7.9
1493,7,2026-04-13,11273.0,1127,goteo,50.73,17.76
1494,8,2026-04-13,18316.0,500,gravedad,45.79,16.03
1495,9,2026-04-13,2491.0,249,goteo,11.21,3.92
1496,1,2026-04-14,11405.0,1141,goteo,51.32,17.96
1497,2,2026-04-14,19731.0,1076,aspersion,74.98,26.24
1498,3,2026-04-14,9692.0,969,goteo,43.62,15.27
1499,4,2026-04-14,4408.0,441,goteo,19.83,6.94
1500,5,2026-04-14,9172.0,917,goteo,41.28,14.45
1501,6,2026-04-14,5205.0,390,microaspersion,20.82,7.29
1502,7,2026-04-14,11170.0,1117,goteo,50.27,17.59
1503,8,2026-04-14,17973.0,490,gravedad,44.93,15.73
1504,9,2026-04-14,2476.0,248,goteo,11.14,3.9
1505,10,2026-04-14,35210.0,960,gravedad,88.02,30.81
1506,1,2026-04-15,11930.0,1193,goteo,53.69,18.79
1507,2,2026-04-15,19859.0,1083,aspersion,75.46,26.41
1508,3,2026-04-15,9167.0,917,goteo,41.25,14.44
1509,4,2026-04-15,4653.0,465,goteo,20.94,7.33
1510,5,2026-04-15,9095.0,909,goteo,40.93,14.33
1511,6,2026-04-15,5688.0,427,microaspersion,22.75,7.96
1512,7,2026-04-15,11499.0,1150,goteo,51.74,18.11
1513,8,2026-04-15,19439.0,530,gravedad,48.6,17.01
1514,9,2026-04-15,2526.0,253,goteo,11.37,3.98
1515,10,2026-04-15,36070.0,984,gravedad,90.18,31.56
1516,1,2026-04-16,11446.0,1145,goteo,51.51,18.03
1517,2,2026-04-16,21813.0,1190,aspersion,82.89,29.01
1518,3,2026-04-16,8791.0,879,goteo,39.56,13.85
1519,4,2026-04-16,4070.0,407,goteo,18.31,6.41
1520,5,2026-04-16,8307.0,831,goteo,37.38,13.08
1521,6,2026-04-16,5349.0,401,microaspersion,21.4,7.49
1522,7,2026-04-16,10876.0,1088,goteo,48.94,17.13
1523,8,2026-04-16,18350.0,500,gravedad,45.88,16.06
1524,9,2026-04-16,2452.0,245,goteo,11.03,3.86
1525,10,2026-04-16,34566.0,943,gravedad,86.41,30.24
1526,1,2026-04-17,11626.0,1163,goteo,52.32,18.31
1527,2,2026-04-17,20375.0,1111,aspersion,77.43,27.1
1528,3,2026-04-17,9408.0,941,goteo,42.34,14.82
1529,4,2026-04-17,4261.0,426,goteo,19.17,6.71
1530,5,2026-04-17,8598.0,860,goteo,38.69,13.54
1531,6,2026-04-17,5486.0,411,microaspersion,21.94,7.68
1532,7,2026-04-17,10943.0,1094,goteo,49.24,17.23
1533,8,2026-04-17,16531.0,451,gravedad,41.33,14.47
1534,9,2026-04-17,2487.0,249,goteo,11.19,3.92
1535,1,2026-04-18,11464.0,1146,goteo,51.59,18.06
1536,2,2026-04-18,20923.0,1141,aspersion,79.51,27.83
1537,3,2026-04-18,9089.0,909,goteo,40.9,14.31
1538,4,2026-04-18,4091.0,409,goteo,18.41,6.44
1539,5,2026-04-18,8858.0,886,goteo,39.86,13.95
1540,7,2026-04-18,11324.0,1132,goteo,50.96,17.84
1541,8,2026-04-18,20258.0,552,gravedad,50.65,17.73
1542,9,2026-04-18,2343.0,234,goteo,10.55,3.69
1543,10,2026-04-18,38944.0,1062,gravedad,97.36,34.08
1544,1,2026-04-19,11270.0,1127,goteo,50.71,17.75
1545,2,2026-04-19,20181.0,1101,aspersion,76.69,26.84
1546,3,2026-04-19,9473.0,947,goteo,42.63,14.92
1547,4,2026-04-19,4160.0,416,goteo,18.72,6.55
1548,5,2026-04-19,8944.0,894,goteo,40.25,14.09
1549,6,2026-04-19,5797.0,435,microaspersion,23.19,8.12
1550,7,2026-04-19,11526.0,1153,goteo,51.87,18.15
1551,8,2026-04-19,18801.0,513,gravedad,47.0,16.45
1552,9,2026-04-19,2535.0,253,goteo,11.41,3.99
1553,10,2026-04-19,35542.0,969,gravedad,88.85,31.1
1554,1,2026-04-20,11532.0,1153,goteo,51.9,18.16
1555,3,2026-04-20,8642.0,864,goteo,38.89,13.61
1556,4,2026-04-20,4254.0,425,goteo,19.14,6.7
1557,5,2026-04-20,9567.0,957,goteo,43.05,15.07
1558,6,2026-04-20,5591.0,419,microaspersion,22.37,7.83
1559,7,2026-04-20,12103.0,1210,goteo,54.46,19.06
1560,8,2026-04-20,16983.0,463,gravedad,42.46,14.86
1561,9,2026-04-20,2524.0,252,goteo,11.36,3.98
1562,1,2026-04-21,10277.0,1028,goteo,46.25,16.19
1563,2,2026-04-21,22238.0,1213,aspersion,84.51,29.58
1564,3,2026-04-21,8525.0,852,goteo,38.36,13.43
1565,4,2026-04-21,4172.0,417,goteo,18.78,6.57
1566,5,2026-04-21,8999.0,900,goteo,40.49,14.17
1567,6,2026-04-21,6291.0,472,microaspersion,25.16,8.81
1568,7,2026-04-21,11928.0,1193,goteo,53.67,18.78
1569,8,2026-04-21,17273.0,471,gravedad,43.18,15.11
1570,9,2026-04-21,2422.0,242,goteo,10.9,3.81
1571,10,2026-04-21,36795.0,1003,gravedad,91.99,32.2
1572,1,2026-04-22,11491.0,1149,goteo,51.71,18.1
1573,2,2026-04-22,20774.0,1133,aspersion,78.94,27.63
1574,3,2026-04-22,9341.0,934,goteo,42.04,14.71
1575,4,2026-04-22,4388.0,439,goteo,19.74,6.91
1576,5,2026-04-22,8844.0,884,goteo,39.8,13.93
1577,7,2026-04-22,11442.0,1144,goteo,51.49,18.02
1578,8,2026-04-22,18863.0,514,gravedad,47.16,16.51
1579,9,2026-04-22,2450.0,245,goteo,11.02,3.86
1580,10,2026-04-22,35698.0,974,gravedad,89.24,31.23
1581,1,2026-04-23,12017.0,1202,goteo,54.08,18.93
1582,2,2026-04-23,21370.0,1166,aspersion,81.21,28.42
1583,3,2026-04-23,9703.0,970,goteo,43.66,15.28
1584,4,2026-04-23,4270.0,427,goteo,19.22,6.73
1585,5,2026-04-23,9361.0,936,goteo,42.13,14.75
1586,6,2026-04-23,5683.0,426,microaspersion,22.73,7.96
1587,7,2026-04-23,11316.0,1132,goteo,50.92,17.82
1588,8,2026-04-23,19541.0,533,gravedad,48.85,17.1
1589,9,2026-04-23,2622.0,262,goteo,11.8,4.13
1590,1,2026-04-24,11278.0,1128,goteo,50.75,17.76
1591,3,2026-04-24,8863.0,886,goteo,39.88,13.96
1592,4,2026-04-24,4212.0,421,goteo,18.95,6.63
1593,5,2026-04-24,9098.0,910,goteo,40.94,14.33
1594,7,2026-04-24,11827.0,1183,goteo,53.22,18.63
1595,8,2026-04-24,19865.0,542,gravedad,49.66,17.38
1596,9,2026-04-24,2347.0,235,goteo,10.56,3.7
1597,10,2026-04-24,36310.0,990,gravedad,90.77,31.77
1598,1,2026-04-25,12340.0,1234,goteo,55.53,19.44
1599,2,2026-04-25,20859.0,1138,aspersion,79.26,27.74
1600,3,2026-04-25,10001.0,1000,goteo,45.0,15.75
1601,4,2026-04-25,4405.0,440,goteo,19.82,6.94
1602,5,2026-04-25,8669.0,867,goteo,39.01,13.65
1603,6,2026-04-25,5506.0,413,microaspersion,22.02,7.71
1604,7,2026-04-25,11491.0,1149,goteo,51.71,18.1
1605,8,2026-04-25,18728.0,511,gravedad,46.82,16.39
1606,9,2026-04-25,2355.0,235,goteo,10.6,3.71
1607,1,2026-04-26,10527.0,1053,goteo,47.37,16.58
1608,2,2026-04-26,23101.0,1260,aspersion,87.79,30.73
1609,3,2026-04-26,9731.0,973,goteo,43.79,15.33
1610,4,2026-04-26,4572.0,457,goteo,20.58,7.2
1611,5,2026-04-26,9508.0,951,goteo,42.79,14.98
1612,6,2026-04-26,5548.0,416,microaspersion,22.19,7.77
1613,7,2026-04-26,12594.0,1259,goteo,56.67,19.83
1614,8,2026-04-26,18731.0,511,gravedad,46.83,16.39
1615,9,2026-04-26,2515.0,251,goteo,11.32,3.96
1616,10,2026-04-26,38071.0,1038,gravedad,95.18,33.31
1617,1,2026-04-27,11183.0,1118,goteo,50.32,17.61
1618,2,2026-04-27,21067.0,1149,aspersion,80.05,28.02
1619,3,2026-04-27,9793.0,979,goteo,44.07,15.42
1620,4,2026-04-27,4434.0,443,goteo,19.95,6.98
1621,5,2026-04-27,8942.0,894,goteo,40.24,14.08
1622,6,2026-04-27,5808.0,436,microaspersion,23.23,8.13
1623,7,2026-04-27,11402.0,1140,goteo,51.31,17.96
1624,8,2026-04-27,18337.0,500,gravedad,45.84,16.04
1625,9,2026-04-27,2429.0,243,goteo,10.93,3.83
1626,10,2026-04-27,34346.0,937,gravedad,85.87,30.05
1627,1,2026-04-28,11938.0,1194,goteo,53.72,18.8
1628,2,2026-04-28,20287.0,1107,aspersion,77.09,26.98
1629,4,2026-04-28,4296.0,430,goteo,19.33,6.77
1630,5,2026-04-28,9083.0,908,goteo,40.87,14.3
1631,7,2026-04-28,12854.0,1285,goteo,57.84,20.24
1632,9,2026-04-28,2312.0,231,goteo,10.41,3.64
1633,1,2026-04-29,11554.0,1155,goteo,51.99,18.2
1634,3,2026-04-29,9094.0,909,goteo,40.92,14.32
1635,4,2026-04-29,4137.0,414,goteo,18.62,6.52
1636,5,2026-04-29,9270.0,927,goteo,41.72,14.6
1637,6,2026-04-29,5785.0,434,microaspersion,23.14,8.1
1638,7,2026-04-29,11700.0,1170,goteo,52.65,18.43
1639,8,2026-04-29,19234.0,525,gravedad,48.08,16.83
1640,9,2026-04-29,2228.0,223,goteo,10.02,3.51
1641,10,2026-04-29,34013.0,928,gravedad,85.03,29.76
1642,1,2026-04-30,11640.0,1164,goteo,52.38,18.33
1643,2,2026-04-30,19552.0,1066,aspersion,74.3,26.0
1644,3,2026-04-30,8871.0,887,goteo,39.92,13.97
1645,4,2026-04-30,4383.0,438,goteo,19.72,6.9
1646,5,2026-04-30,8982.0,898,goteo,40.42,14.15
1647,6,2026-04-30,5909.0,443,microaspersion,23.64,8.27
1648,7,2026-04-30,11884.0,1188,goteo,53.48,18.72
1649,8,2026-04-30,18160.0,495,gravedad,45.4,15.89
1650,9,2026-04-30,2469.0,247,goteo,11.11,3.89
1651,10,2026-04-30,33813.0,922,gravedad,84.53,29.59
